target_ts,predicted_load_lag0,predicted_solar_lag0,predicted_wind_lag0
2026-08-10 00:00:00+03:00,44041.4948695013,48.38554108480009,9069.303159006222
2026-08-10 01:00:00+03:00,41498.118167647815,47.9834796985421,8573.268551353754
2026-08-10 02:00:00+03:00,40075.1424096391,49.38437787014943,8631.806236237713
2026-08-10 03:00:00+03:00,38440.659611835574,53.82263382330681,8461.360428402597
2026-08-10 04:00:00+03:00,37739.324772820735,65.57146849301722,8173.147963310273
2026-08-10 05:00:00+03:00,37217.501203474596,150.70244626830714,8409.73294170151
2026-08-10 06:00:00+03:00,37084.76320925889,1358.2482253059084,8366.953932453065
2026-08-10 07:00:00+03:00,41981.02874300135,5306.326251324928,8096.338327248632
2026-08-10 08:00:00+03:00,47959.41284893342,10391.5211133694,8071.173453877775
2026-08-10 09:00:00+03:00,51330.91301954141,14573.536631797368,7756.288609348255
2026-08-10 10:00:00+03:00,51894.72216508815,17358.545932335364,7699.126870100929
2026-08-10 11:00:00+03:00,52571.843037903964,18901.60107814866,8036.204174347889
2026-08-10 12:00:00+03:00,52781.40627356425,19352.396768777853,8122.743615293291
2026-08-10 13:00:00+03:00,53291.053583328925,18994.08228093509,8583.93539663801
2026-08-10 14:00:00+03:00,53470.386144526885,17665.112671995757,8669.805228582814
2026-08-10 15:00:00+03:00,53558.96806783174,15511.99978176902,8766.684979180733
2026-08-10 16:00:00+03:00,52910.45460260236,12130.397917385817,9349.544473279586
2026-08-10 17:00:00+03:00,52721.28363504075,7546.19418231415,9718.960875651177
2026-08-10 18:00:00+03:00,52505.53098738615,2947.1940006164473,9631.590861545978
2026-08-10 19:00:00+03:00,51812.83391495608,442.5342121485052,9713.780570754792
2026-08-10 20:00:00+03:00,50920.895548139226,163.67163944480845,9918.914484902756
2026-08-10 21:00:00+03:00,50916.940696385536,110.86326770486403,9307.622264332627
2026-08-10 22:00:00+03:00,50698.22503361285,54.21754720850259,8508.743568370746
2026-08-10 23:00:00+03:00,48167.86503698108,54.475245561077806,8161.440372987143
2026-08-11 00:00:00+03:00,44346.46222713007,64.4197367104563,8989.74602590047
2026-08-11 01:00:00+03:00,41876.870754043666,64.29370239149856,8755.346790935559
2026-08-11 02:00:00+03:00,40386.82286501541,64.33079136128435,8788.330690151937
2026-08-11 03:00:00+03:00,38158.89625585095,65.16458336779417,7484.481984113994
2026-08-11 04:00:00+03:00,37985.01533425173,76.32394403790751,7477.006823882285
2026-08-11 05:00:00+03:00,37623.48694111123,157.48945228309907,7522.55767768877
2026-08-11 06:00:00+03:00,37951.12326170482,1307.7597900718342,7451.386135782599
2026-08-11 07:00:00+03:00,41267.9616979406,5128.475032576602,6928.547343236793
2026-08-11 08:00:00+03:00,48113.83427431471,10099.439026376762,7797.6739043501875
2026-08-11 09:00:00+03:00,51501.60319866071,14297.33633524382,7216.821928483279
2026-08-11 10:00:00+03:00,52761.73494930864,17285.772112229643,6526.990924881677
2026-08-11 11:00:00+03:00,53921.2573572502,18870.735347184396,6037.759735146713
2026-08-11 12:00:00+03:00,54254.87125781061,19278.82685712332,6161.505759562525
2026-08-11 13:00:00+03:00,54485.82020984026,18836.730586947746,6762.885329657023
2026-08-11 14:00:00+03:00,55672.68464881564,17447.13882036216,6905.3694316577285
2026-08-11 15:00:00+03:00,54485.82020984026,15027.704034989389,6922.788013533144
2026-08-11 16:00:00+03:00,54485.82020984026,11600.297422243766,7104.022736626342
2026-08-11 17:00:00+03:00,53283.22514736934,7186.244817891863,7618.143989776742
2026-08-11 18:00:00+03:00,52362.51382064893,2758.5216006713117,7929.189567747943
2026-08-11 19:00:00+03:00,52030.368535359965,425.8064450815354,8027.065421631168
2026-08-11 20:00:00+03:00,52583.32718303676,154.5697483245782,7909.854953512302
2026-08-11 21:00:00+03:00,51733.741608924545,104.71968725320278,8463.584974479438
2026-08-11 22:00:00+03:00,50034.266791918075,62.01795904381659,7229.5328282707505
2026-08-11 23:00:00+03:00,48372.43817470251,59.4452911988963,6425.914744033208
2026-08-12 00:00:00+03:00,45545.82963907573,56.38461828174427,6999.480077569299
2026-08-12 01:00:00+03:00,43556.67379967806,54.834517811955614,6464.999419843928
2026-08-12 02:00:00+03:00,41611.26113701061,54.61327728160397,6113.676696769948
2026-08-12 03:00:00+03:00,40455.98541368943,57.71144954997711,6252.0724371876195
2026-08-12 04:00:00+03:00,39445.678558275395,68.7265470305087,5905.442459620279
2026-08-12 05:00:00+03:00,39267.21557571674,142.90153582054637,5771.69198316765
2026-08-12 06:00:00+03:00,39736.00612978976,1281.1417151481294,5786.589855293189
2026-08-12 07:00:00+03:00,42681.39069334571,5150.196756592146,5275.363495315913
2026-08-12 08:00:00+03:00,48942.6148362221,10216.554853221456,5782.180818174825
2026-08-12 09:00:00+03:00,51932.28332358426,14405.841244042775,5597.469742284292
2026-08-12 10:00:00+03:00,53551.846028555134,17413.84743852865,5902.959837036758
2026-08-12 11:00:00+03:00,55363.05104239296,19026.671607286615,6448.677085363684
2026-08-12 12:00:00+03:00,54340.456747108416,19555.41104740991,6869.650641309969
2026-08-12 13:00:00+03:00,55570.62987487735,19236.316912939285,7237.819615687042
2026-08-12 14:00:00+03:00,55755.57163833834,17929.243101159813,7338.155332485269
2026-08-12 15:00:00+03:00,55510.5827568511,15640.261948718504,7881.480473787268
2026-08-12 16:00:00+03:00,54279.080470532535,12068.32660715943,8239.864693194422
2026-08-12 17:00:00+03:00,54068.51117678847,7487.789565291401,8485.612218222137
2026-08-12 18:00:00+03:00,52829.2051691792,2825.0813523137344,8744.644781095165
2026-08-12 19:00:00+03:00,52744.487320164786,415.85270370125284,9011.485781748279
2026-08-12 20:00:00+03:00,53541.5191878574,154.96686356270794,8913.400473995322
2026-08-12 21:00:00+03:00,52063.45006656233,99.81725009309396,8797.45838589449
2026-08-12 22:00:00+03:00,50626.71472327426,56.18660309707598,8337.557967197816
2026-08-12 23:00:00+03:00,48133.3953318841,52.09163501089476,8164.675466316615
2026-08-13 00:00:00+03:00,45995.919537093425,54.76283565857999,8071.049057278078
2026-08-13 01:00:00+03:00,43982.63108738997,53.7769454348721,7666.61659084667
2026-08-13 02:00:00+03:00,42078.0388685604,53.90222570326233,7344.741890067728
2026-08-13 03:00:00+03:00,41184.74897738402,56.61445440860646,7271.654770203005
2026-08-13 04:00:00+03:00,40424.26283725098,68.29647168247837,7272.026034891969
2026-08-13 05:00:00+03:00,39976.584773349685,141.5285536321073,7459.598919452147
2026-08-13 06:00:00+03:00,40465.9746306257,1244.4696470858999,7497.529426606565
2026-08-13 07:00:00+03:00,42695.13080975154,5006.1480692819405,7580.9098583932255
2026-08-13 08:00:00+03:00,49170.670838476,9861.65932879939,7153.018799369738
2026-08-13 09:00:00+03:00,52524.24459027868,13995.64992650076,7592.88226098493
2026-08-13 10:00:00+03:00,53410.52670482753,16937.171406560905,7682.1362877815145
2026-08-13 11:00:00+03:00,54558.87668201222,18499.381054003934,7825.584050849018
2026-08-13 12:00:00+03:00,55152.88998095451,18976.642836763487,8150.895114669477
2026-08-13 13:00:00+03:00,55512.28214535221,18583.192219688783,8604.476573783912
2026-08-13 14:00:00+03:00,55596.60903673031,17222.158485285094,8826.07032007857
2026-08-13 15:00:00+03:00,55491.094928891274,14925.135327609569,9186.261300848142
2026-08-13 16:00:00+03:00,55491.094928891274,11466.971374479794,9770.16122013202
2026-08-13 17:00:00+03:00,53937.80932254217,7067.965527770372,9905.116739567215
2026-08-13 18:00:00+03:00,52784.1655608718,2669.2514254839475,10331.705522833348
2026-08-13 19:00:00+03:00,52633.41625587661,406.5143427340153,11119.252539134935
2026-08-13 20:00:00+03:00,53268.64595404864,199.7884509656309,10993.003830845119
2026-08-13 21:00:00+03:00,52479.14440725246,86.24165673082902,10916.284127596564
2026-08-13 22:00:00+03:00,50859.66139678932,66.9166320632314,10470.867080825425
2026-08-13 23:00:00+03:00,48652.45453141383,63.36068110143798,10465.047319697716
2026-08-14 00:00:00+03:00,45975.829310757064,67.92534354123364,10600.683659983755
2026-08-14 01:00:00+03:00,43634.57723447421,67.69340592744184,10939.202380968092
2026-08-14 02:00:00+03:00,41477.759522798224,68.54202627059354,10390.996755044458
2026-08-14 03:00:00+03:00,40595.92388554272,71.68627901425684,9986.35079118531
2026-08-14 04:00:00+03:00,39849.77261573725,80.92048881414729,9995.036017953185
2026-08-14 05:00:00+03:00,39670.73696467196,153.99912135610302,9326.873592331285
2026-08-14 06:00:00+03:00,39699.800062335395,1230.7496933780526,9835.274004387726
2026-08-14 07:00:00+03:00,42251.9758819359,4984.629028290892,9459.670259513361
2026-08-14 08:00:00+03:00,49026.08205077433,10015.559578868922,8401.660419306752
2026-08-14 09:00:00+03:00,51890.28404398974,14225.319448040185,9376.48771413343
2026-08-14 10:00:00+03:00,53575.16382772445,17237.806706552492,9573.43315971146
2026-08-14 11:00:00+03:00,54295.276631207365,18819.552885361565,9824.60492025068
2026-08-14 12:00:00+03:00,53737.201553989915,19239.597323487164,9440.044904032515
2026-08-14 13:00:00+03:00,54504.26163402726,18848.865201386325,9734.752071833162
2026-08-14 14:00:00+03:00,54695.649355033696,17393.23448759501,9959.187481589413
2026-08-14 15:00:00+03:00,54589.00016635211,15054.138539248788,9625.657970423323
2026-08-14 16:00:00+03:00,53577.43105522326,11589.711324231945,9909.68838751286
2026-08-14 17:00:00+03:00,53552.752744781414,7126.165233448142,10262.845410402922
2026-08-14 18:00:00+03:00,52050.174210589415,2663.63686335582,10964.486673892197
2026-08-14 19:00:00+03:00,52150.242797228915,388.09870090330634,11325.67255058589
2026-08-14 20:00:00+03:00,52320.115689838,233.59841417251096,11336.371690503234
2026-08-14 21:00:00+03:00,50919.60250016372,87.13198577177147,11399.110726574067
2026-08-14 22:00:00+03:00,49641.85409850306,69.75580370445103,10693.350771994397
2026-08-14 23:00:00+03:00,47168.61512400713,68.29179645492589,10368.027554400893
2026-08-15 00:00:00+03:00,44323.64196914813,70.46945491175576,10392.720172805044
2026-08-15 01:00:00+03:00,41532.941831190656,69.44630710408802,9985.926420153435
2026-08-15 02:00:00+03:00,40253.21980205377,67.76284336646266,9879.267903088554
2026-08-15 03:00:00+03:00,39512.24351203889,70.33254221475254,8475.215022981774
2026-08-15 04:00:00+03:00,38161.993153661715,80.24436895441758,8667.142982361478
2026-08-15 05:00:00+03:00,37751.832380312626,146.18165308831985,8437.714450111534
2026-08-15 06:00:00+03:00,37632.87380886395,1173.0952692565695,8359.757081846523
2026-08-15 07:00:00+03:00,39837.29943738252,4783.472358523282,8668.520143274198
2026-08-15 08:00:00+03:00,45465.55980286966,9641.696261746689,8389.152622288173
2026-08-15 09:00:00+03:00,48292.58121354197,13764.109051153368,8490.907662041545
2026-08-15 10:00:00+03:00,49107.57012837059,16714.652464592422,9120.753353086217
2026-08-15 11:00:00+03:00,49959.69601729475,18361.982574051377,9711.696895273104
2026-08-15 12:00:00+03:00,48850.00620723314,18845.633368649367,9796.684935978856
2026-08-15 13:00:00+03:00,49078.71161041441,18376.923794442086,10028.872102048794
2026-08-15 14:00:00+03:00,49865.54939207958,16952.622089834473,10097.925545070262
2026-08-15 15:00:00+03:00,49539.84226815001,14518.514683699108,9970.033828282303
2026-08-15 16:00:00+03:00,48682.79472014165,10999.386856688432,10147.22408245687
2026-08-15 17:00:00+03:00,48361.81056266143,6558.095837903425,10147.22408245687
2026-08-15 18:00:00+03:00,47650.551570126416,2389.9667801480573,10350.91878190745
2026-08-15 19:00:00+03:00,48088.26372391365,360.3865894527078,10490.554861623268
2026-08-15 20:00:00+03:00,49039.49579079959,215.13284439570523,10514.974752013539
2026-08-15 21:00:00+03:00,47761.712337652396,77.34243520481903,10392.458948503296
2026-08-15 22:00:00+03:00,47265.5318817074,62.82178587468223,9973.164272278125
2026-08-15 23:00:00+03:00,45498.467181369786,59.675979542522015,9933.854999485875
2026-08-16 00:00:00+03:00,42207.27827928189,66.65037294155563,9251.803325803883
2026-08-16 01:00:00+03:00,40333.0740531044,65.75405125923606,7936.981830201374
2026-08-16 02:00:00+03:00,38530.86570519037,67.06360643239171,8268.45026163064
2026-08-16 03:00:00+03:00,37462.97111422003,70.17767523747375,8189.928788677547
2026-08-16 04:00:00+03:00,36329.00241653287,80.43925592970245,8298.620066220792
2026-08-16 05:00:00+03:00,35793.20764965696,149.29002585714196,7803.560935189062
2026-08-16 06:00:00+03:00,35562.147420313224,1172.3363314979363,8298.686694897695
2026-08-16 07:00:00+03:00,35831.08983803345,4832.645676757707,7525.809158981234
2026-08-16 08:00:00+03:00,37859.01252573383,9742.05744970783,6372.771990532642
2026-08-16 09:00:00+03:00,40097.126140913664,13918.011364046844,7077.996515535479
2026-08-16 10:00:00+03:00,41621.96554413791,16798.4507453295,7364.912004773937
2026-08-16 11:00:00+03:00,43249.8234812094,18306.942126389422,7728.794006516514
2026-08-16 12:00:00+03:00,43733.69788769136,18742.860477880553,7711.495209230595
2026-08-16 13:00:00+03:00,44290.34243356759,18298.51959578173,8138.553866193169
2026-08-16 14:00:00+03:00,44290.34243356759,16824.579818285223,8472.221168480886
2026-08-16 15:00:00+03:00,43742.5637909755,14353.305658479641,7229.153515695899
2026-08-16 16:00:00+03:00,43091.54515864027,10888.364313611133,8012.2205712381665
2026-08-16 17:00:00+03:00,43344.4250050034,6626.892466656285,7898.065503629338
2026-08-16 18:00:00+03:00,45152.624746539834,2438.193173761895,8608.083072130636
2026-08-16 19:00:00+03:00,46585.710364883285,334.48544153853254,8351.44295793703
2026-08-16 20:00:00+03:00,47332.5823971651,149.3028479122722,8335.516364009216
2026-08-16 21:00:00+03:00,47015.470094433214,94.74472873779949,7822.209996676768
2026-08-16 22:00:00+03:00,45995.78244512519,64.06631542758583,6803.537848563839
2026-08-16 23:00:00+03:00,42853.31238711038,114.68741208514032,6348.755576304437
2026-08-17 00:00:00+03:00,42590.09202554707,63.62344329727902,5957.212025944963
2026-08-17 01:00:00+03:00,41179.53697362447,63.939686671161326,5214.999541800198
2026-08-17 02:00:00+03:00,38968.724266379584,62.70655334105427,4491.260724612979
2026-08-17 03:00:00+03:00,37610.956592736984,65.8788497262662,4453.830406994532
2026-08-17 04:00:00+03:00,36727.049577323894,76.77825355017771,4343.1965809595495
2026-08-17 05:00:00+03:00,36370.95450956332,140.22486020319005,3704.1372853448675
2026-08-17 06:00:00+03:00,36395.979714554014,1032.0873138150066,3947.5172399900957
2026-08-17 07:00:00+03:00,40551.054113331076,4326.085575687352,3958.0884964742513
2026-08-17 08:00:00+03:00,46815.84481211421,8785.80072165826,3518.7085083428497
2026-08-17 09:00:00+03:00,48814.02538043438,12391.936296775375,3724.4864249430584
2026-08-17 10:00:00+03:00,49939.10886923196,14994.544855266524,3874.7692706742378
2026-08-17 11:00:00+03:00,50741.64909623173,16391.95645875865,3993.5943956525907
2026-08-17 12:00:00+03:00,50985.27921773345,16702.59348384436,4316.341380500724
2026-08-17 13:00:00+03:00,51021.28793681107,16378.265990768487,4509.21201085249
2026-08-17 14:00:00+03:00,51073.89469452452,15079.49565946613,4592.372969287271
2026-08-17 15:00:00+03:00,51073.89469452452,12904.15032002094,4326.913192302851
2026-08-17 16:00:00+03:00,51110.939156314016,9935.133148329598,4690.675193021602
2026-08-17 17:00:00+03:00,51036.5340777242,6078.656960715276,5520.438637215373
2026-08-17 18:00:00+03:00,50169.74857145234,2211.8834121102277,6078.106344076539
2026-08-17 19:00:00+03:00,50037.203317172745,315.0172950036792,4865.686269284357
2026-08-17 20:00:00+03:00,49592.890712824155,229.9180801484261,4008.3834814547995
2026-08-17 21:00:00+03:00,48857.9934413322,67.7845463779684,3714.4908995863198
2026-08-17 22:00:00+03:00,47900.52366587983,54.38768841098082,3149.6291457573057
2026-08-17 23:00:00+03:00,46959.20111481113,43.72747734011112,2855.8129212917042
2026-08-18 00:00:00+03:00,42752.45417657884,52.43519372868823,2689.298761786844
2026-08-18 01:00:00+03:00,40914.87080485693,51.55985328534456,2542.295843106513
2026-08-18 02:00:00+03:00,39635.9458901461,51.825130563803455,2511.934524422621
2026-08-18 03:00:00+03:00,38418.746944107945,55.04689928348129,2508.8738844234394
2026-08-18 04:00:00+03:00,37296.87069495929,64.94963885533636,2231.396785535969
2026-08-18 05:00:00+03:00,37284.71032837087,124.18952656813478,2143.6851721482794
2026-08-18 06:00:00+03:00,37756.21052588485,1033.6942091620558,2140.395561310777
2026-08-18 07:00:00+03:00,40575.512782580605,4387.9008953848315,2134.3986132641257
2026-08-18 08:00:00+03:00,46747.85021504328,8946.804337169198,2028.2766690864648
2026-08-18 09:00:00+03:00,48027.6891568015,13004.192481479982,2018.3992322805623
2026-08-18 10:00:00+03:00,50115.25219930188,15868.960127033199,2018.3992322805623
2026-08-18 11:00:00+03:00,51258.27178225474,17378.24372766161,1998.1174473527312
2026-08-18 12:00:00+03:00,50697.06873888409,17640.19509045454,2022.8475664065813
2026-08-18 13:00:00+03:00,51584.765092672875,17111.411925967164,2159.0789540005144
2026-08-18 14:00:00+03:00,52160.204207508184,15683.344329469917,2370.224420871072
2026-08-18 15:00:00+03:00,52093.123783684605,13339.116509888685,2166.0397066132364
2026-08-18 16:00:00+03:00,51562.46682674538,10161.01798540961,2653.379959779118
2026-08-18 17:00:00+03:00,51031.09702136196,6165.28817426382,2837.0089878279136
2026-08-18 18:00:00+03:00,50151.07516925005,2179.0781604554754,2253.3161187802666
2026-08-18 19:00:00+03:00,49927.95464938552,307.46190208520767,3189.880916712914
2026-08-18 20:00:00+03:00,49876.70612319347,232.8621423575676,3869.762643008334
2026-08-18 21:00:00+03:00,48096.449700158686,53.99203668171077,2627.9099122721805
2026-08-18 22:00:00+03:00,47298.73314363529,42.56939281484352,2156.3005886240667
2026-08-18 23:00:00+03:00,46212.46961146307,45.652711211754685,2062.9663387468304
2026-08-19 00:00:00+03:00,43758.42213876918,44.64199469312477,1527.851445847693
2026-08-19 01:00:00+03:00,41701.47996733748,45.023447972637705,1442.2538601921353
2026-08-19 02:00:00+03:00,39933.614034579485,43.6416137635476,1275.8906385054643
2026-08-19 03:00:00+03:00,39037.584300205715,46.87732957421573,1131.1971217667556
2026-08-19 04:00:00+03:00,38119.21120014506,55.987073842916985,1125.853764226778
2026-08-19 05:00:00+03:00,38048.876999077125,121.07264850488049,1111.5412229606818
2026-08-19 06:00:00+03:00,38142.56582086596,1145.1442564149097,1111.5412229606818
2026-08-19 07:00:00+03:00,40848.168685297016,4933.615956236702,1063.5532392534767
2026-08-19 08:00:00+03:00,46941.32503741812,10060.049993356084,1126.4691131424718
2026-08-19 09:00:00+03:00,48414.198670431,14289.121697549761,1063.5532392534767
2026-08-19 10:00:00+03:00,50723.82082724873,17205.49324106618,1165.2176397104931
2026-08-19 11:00:00+03:00,51905.13174966208,18728.24098737153,1860.4742984315296
2026-08-19 12:00:00+03:00,51738.140226792704,19212.694458593483,2084.5837685436495
2026-08-19 13:00:00+03:00,52392.657563366454,18803.328212046385,2331.481709799021
2026-08-19 14:00:00+03:00,53441.970820161616,17396.83227905516,2593.0793289649164
2026-08-19 15:00:00+03:00,52897.5895783764,14935.46062807779,2950.356588433518
2026-08-19 16:00:00+03:00,52301.41992021844,11387.486173546908,3845.00636246559
2026-08-19 17:00:00+03:00,51830.91602000611,6645.630808715486,4062.126840864865
2026-08-19 18:00:00+03:00,50800.37525311775,2314.5691799676265,4795.4419426634495
2026-08-19 19:00:00+03:00,50521.14855759151,289.09937051798636,4271.582148422382
2026-08-19 20:00:00+03:00,50874.77430657963,194.47151648559472,4443.96539984533
2026-08-19 21:00:00+03:00,49373.06876708099,55.685447125646554,3134.7693685938457
2026-08-19 22:00:00+03:00,47363.5068933151,38.578672904413416,2897.9386317618782
2026-08-19 23:00:00+03:00,46116.73039274556,45.017341545921475,2452.3156760139314
2026-08-20 00:00:00+03:00,43568.30922737036,42.65658226550986,3010.8948250857666
2026-08-20 01:00:00+03:00,41331.93358366924,42.83232166385454,2861.888487819292
2026-08-20 02:00:00+03:00,39833.76376545169,43.29558009914352,2721.8309969149273
2026-08-20 03:00:00+03:00,39466.366636664265,46.33051533769613,2398.2786941941968
2026-08-20 04:00:00+03:00,38234.83857296617,57.176598160482555,2857.3194432860437
2026-08-20 05:00:00+03:00,38085.79995885759,116.29011917151519,2677.1851909920933
2026-08-20 06:00:00+03:00,38327.417734110706,1088.8597445554133,2669.3435742956367
2026-08-20 07:00:00+03:00,40507.989463339465,4803.813275103307,2813.5232002757807
2026-08-20 08:00:00+03:00,46950.69083954911,9776.178576968694,2622.871179143688
2026-08-20 09:00:00+03:00,49308.6187472633,14039.196220207954,1536.5870642689326
2026-08-20 10:00:00+03:00,51121.29872714823,16970.990314523813,1958.6658871620107
2026-08-20 11:00:00+03:00,52089.2362393223,18490.61990894781,2443.0470740025553
2026-08-20 12:00:00+03:00,51910.88328075869,18771.4250279514,3341.3151637858373
2026-08-20 13:00:00+03:00,53079.23083595301,18346.95208596002,4059.389805227226
2026-08-20 14:00:00+03:00,54287.331869488065,17058.84796044698,4534.874785962293
2026-08-20 15:00:00+03:00,53332.29277454431,14754.565962325352,5553.683825731315
2026-08-20 16:00:00+03:00,52746.478554195346,11170.558890475713,6042.9098920511115
2026-08-20 17:00:00+03:00,52201.69121648012,6583.11897289614,6057.864552870175
2026-08-20 18:00:00+03:00,51235.568736594694,2223.5571622187367,6057.507960910091
2026-08-20 19:00:00+03:00,50962.65585622576,277.42906410840266,6245.236687347956
2026-08-20 20:00:00+03:00,51222.21396080308,183.10971723659173,6078.086966109833
2026-08-20 21:00:00+03:00,49522.211479274556,61.865078347703054,5500.304737418823
2026-08-20 22:00:00+03:00,47612.631142899154,43.278235759057594,5022.442846089791
2026-08-20 23:00:00+03:00,45813.630562561135,41.8871033235243,4370.154219465166
2026-08-21 00:00:00+03:00,43252.44519404564,40.923840402168864,4549.498578277919
2026-08-21 01:00:00+03:00,41428.07175259899,40.53798363976062,4125.27424415761
2026-08-21 02:00:00+03:00,39858.39957316202,41.50431600100319,3855.2431672373436
2026-08-21 03:00:00+03:00,38781.17700043763,45.3477965856646,3787.8311024794407
2026-08-21 04:00:00+03:00,37766.0164254862,56.2801428921203,3692.9368522349955
2026-08-21 05:00:00+03:00,37692.39989408164,117.28802933912311,3332.4512645684713
2026-08-21 06:00:00+03:00,37891.97850170404,1106.292688413677,3425.7838402887487
2026-08-21 07:00:00+03:00,40330.655176103406,4855.37122824289,3472.7030981399944
2026-08-21 08:00:00+03:00,46208.886216024664,10017.545559506758,3316.251281130269
2026-08-21 09:00:00+03:00,49748.289662785806,14348.801880446106,2447.0576205022594
2026-08-21 10:00:00+03:00,51399.242819499705,17371.008015763746,2964.6472162287077
2026-08-21 11:00:00+03:00,52368.00730991202,18931.431147223346,3547.520457198549
2026-08-21 12:00:00+03:00,52263.573190091665,19442.96291547356,3819.883239089965
2026-08-21 13:00:00+03:00,53886.69508274627,19159.573733226585,4615.827001227266
2026-08-21 14:00:00+03:00,54016.19980589486,17957.52962974617,5624.909938681325
2026-08-21 15:00:00+03:00,53948.225393275214,15615.533496258824,5184.439449671729
2026-08-21 16:00:00+03:00,52918.58474183636,11999.778598711277,5877.642886301653
2026-08-21 17:00:00+03:00,51924.57587344014,7140.56352300338,5921.713863482285
2026-08-21 18:00:00+03:00,51057.95529127133,2403.302304196806,6071.96854630199
2026-08-21 19:00:00+03:00,50551.052381737325,289.9389501587074,5571.680992527727
2026-08-21 20:00:00+03:00,50903.13718979039,256.65752580267224,5280.244895329438
2026-08-21 21:00:00+03:00,48987.18314197745,59.76627280950326,5453.186276053564
2026-08-21 22:00:00+03:00,46925.49656727679,51.16944733996538,4682.371707989315
2026-08-21 23:00:00+03:00,45334.51948868781,48.00405850936367,3969.680241773701
2026-08-22 00:00:00+03:00,43163.36772229883,50.7013610605339,3732.2611582237937
2026-08-22 01:00:00+03:00,41145.281208555425,49.779500404702695,3231.9994183472163
2026-08-22 02:00:00+03:00,40003.142691626046,50.40240457518623,3271.4746361464786
2026-08-22 03:00:00+03:00,38052.89040330657,53.439334347724994,3192.1489176785826
2026-08-22 04:00:00+03:00,37859.99445734786,63.61977842316008,3428.4672205545066
2026-08-22 05:00:00+03:00,37791.08316960193,117.52291966021404,3456.972125689036
2026-08-22 06:00:00+03:00,37552.46622425898,1133.0903610840728,3425.626741115717
2026-08-22 07:00:00+03:00,38718.94247172077,5050.706548925393,2698.9628534656467
2026-08-22 08:00:00+03:00,43087.288473689914,10361.532927804361,2478.0654328347855
2026-08-22 09:00:00+03:00,46492.85929597684,14723.892822092104,2162.268196097032
2026-08-22 10:00:00+03:00,48243.429112082995,17744.79018480313,2232.343700982351
2026-08-22 11:00:00+03:00,49484.99786199531,19305.885441770803,2673.1503448411036
2026-08-22 12:00:00+03:00,48864.846063580866,19793.147623955545,2819.5733418516834
2026-08-22 13:00:00+03:00,49506.14795498987,19501.573613700963,3077.440120648745
2026-08-22 14:00:00+03:00,49770.170473407976,18273.271383776908,3248.092303089432
2026-08-22 15:00:00+03:00,49770.170473407976,15932.292541114091,2780.422192806412
2026-08-22 16:00:00+03:00,49074.337143754674,12201.792876285748,3221.959997779707
2026-08-22 17:00:00+03:00,48361.76255014133,7167.7605700984,3659.5774624298715
2026-08-22 18:00:00+03:00,48178.97071242679,2331.2946174275485,3706.106295965249
2026-08-22 19:00:00+03:00,48364.861943735326,252.15167012528957,4203.727036565678
2026-08-22 20:00:00+03:00,48778.526277320896,234.02159333904012,4019.184408192409
2026-08-22 21:00:00+03:00,47775.91724698265,53.499504093841594,3401.6012294775715
2026-08-22 22:00:00+03:00,46447.25389493235,40.62500346994905,3223.036054012324
2026-08-22 23:00:00+03:00,44271.309576882435,38.302279842044186,2843.0126280285454
2026-08-23 00:00:00+03:00,42368.81916804788,43.464330421443364,3043.969480547908
2026-08-23 01:00:00+03:00,40201.929972984806,43.53941774846171,2455.4709515727163
2026-08-23 02:00:00+03:00,38961.7140804343,42.26040498350018,2350.2018257921636
2026-08-23 03:00:00+03:00,37375.42924635657,44.29293729031262,2186.4453425142333
2026-08-23 04:00:00+03:00,36877.7313974649,54.1884320830052,2003.384849331392
2026-08-23 05:00:00+03:00,36138.91109239975,102.94232782607679,1902.1509277214318
2026-08-23 06:00:00+03:00,35489.52241290227,990.4368826030425,2052.0179210963843
2026-08-23 07:00:00+03:00,36217.45002132778,4495.470177898178,2409.5215445913236
2026-08-23 08:00:00+03:00,37912.30357949402,9250.648024126333,2576.159374721651
2026-08-23 09:00:00+03:00,39619.72641578552,13210.18441211794,1663.8378996086917
2026-08-23 10:00:00+03:00,40530.97476142802,15902.644896214377,2205.498273150501
2026-08-23 11:00:00+03:00,42350.10196668173,17298.087593657536,2857.3481467477536
2026-08-23 12:00:00+03:00,42407.13392503222,17771.665419005272,3694.0881006085247
2026-08-23 13:00:00+03:00,43292.159312880256,17499.503592727782,4569.759755387863
2026-08-23 14:00:00+03:00,43321.960544967194,16369.516176840954,4608.637139181213
2026-08-23 15:00:00+03:00,42981.586450104696,14170.269961251704,4933.494844955305
2026-08-23 16:00:00+03:00,42175.9611322378,10833.30442776138,5396.547575489862
2026-08-23 17:00:00+03:00,42244.28355409568,6360.486372579473,5945.747769162766
2026-08-23 18:00:00+03:00,43537.022177785504,2068.3297507329617,7042.795911728376
2026-08-23 19:00:00+03:00,44238.543931748165,231.6379064624651,7177.3657412648845
2026-08-23 20:00:00+03:00,45725.19820598873,203.0890784256094,7018.695397842026
2026-08-23 21:00:00+03:00,45034.08270264701,51.36668857479901,7152.374771869595
2026-08-23 22:00:00+03:00,43411.86778134351,40.15052569375513,6095.44861868878
2026-08-23 23:00:00+03:00,41936.362964313674,43.217314123231176,6113.656998005445
2026-08-24 00:00:00+03:00,44562.40916506145,39.99850516430075,6682.8674270608535
2026-08-24 01:00:00+03:00,41596.578127468536,39.06896813121422,6351.213619668476
2026-08-24 02:00:00+03:00,39957.57766964094,39.331666284668536,5745.750737361255
2026-08-24 03:00:00+03:00,38785.8382419454,42.191513399969324,6192.409461665986
2026-08-24 04:00:00+03:00,37689.314618142525,53.11445277179755,6028.470710582821
2026-08-24 05:00:00+03:00,37523.338353800216,114.8331522948553,5678.968041075525
2026-08-24 06:00:00+03:00,37394.97004692527,1099.8593118109757,5407.713338992809
2026-08-24 07:00:00+03:00,39279.60174018264,4888.560007225285,5543.687129775967
2026-08-24 08:00:00+03:00,45822.935863809274,10227.389956707004,5155.440795147366
2026-08-24 09:00:00+03:00,49195.448373856096,14588.254669214173,3568.1053660743855
2026-08-24 10:00:00+03:00,52549.165249025944,17594.999078525365,4996.199323605997
2026-08-24 11:00:00+03:00,53644.64372549012,19088.616943980618,5503.587474609237
2026-08-24 12:00:00+03:00,53936.45514650151,19511.097641369335,5893.978297071732
2026-08-24 13:00:00+03:00,54362.043638734365,19197.423663687536,6379.825331236604
2026-08-24 14:00:00+03:00,54543.27381752225,17938.24164818827,6969.282188494432
2026-08-24 15:00:00+03:00,54444.75021975853,15516.372560637821,7334.289501896742
2026-08-24 16:00:00+03:00,54273.17636413718,11832.831681554719,7523.010411531906
2026-08-24 17:00:00+03:00,53973.8476928067,6855.654897879681,8039.3213739795565
2026-08-24 18:00:00+03:00,52513.268312775566,2217.9706044587847,7835.915775330482
2026-08-24 19:00:00+03:00,52103.80100545526,238.96983263075313,8106.206087546677
2026-08-24 20:00:00+03:00,51088.95757215932,235.40768995910767,8372.626417078747
2026-08-24 21:00:00+03:00,50027.60971150156,57.13374959425512,7695.546485770198
2026-08-24 22:00:00+03:00,48483.47016794861,51.21457390390332,7414.097618718647
2026-08-24 23:00:00+03:00,46108.11346751859,51.21382191803455,6995.560505867137
2026-08-25 00:00:00+03:00,43250.458641317055,50.76285278207999,7453.009632844876
2026-08-25 01:00:00+03:00,41065.441428319646,50.42700997573803,7108.471718036898
2026-08-25 02:00:00+03:00,39164.592629342056,49.945498155642625,6921.065997661614
2026-08-25 03:00:00+03:00,38344.842948949925,51.87337006838375,7257.769851470525
2026-08-25 04:00:00+03:00,37770.057848691926,61.71426316136508,6519.171478507715
2026-08-25 05:00:00+03:00,37985.9524004559,117.24187627129363,5881.057260362857
2026-08-25 06:00:00+03:00,37944.02850219928,997.5169975363145,5801.148172837988
2026-08-25 07:00:00+03:00,40509.370346528885,4607.512439081003,6150.451460864268
2026-08-25 08:00:00+03:00,46992.55054513935,9591.538162900093,6238.768127002975
2026-08-25 09:00:00+03:00,50803.093481246244,13753.97635541062,6178.330754511717
2026-08-25 10:00:00+03:00,52552.68989464437,16621.12660833,5073.622122950949
2026-08-25 11:00:00+03:00,54143.84334731513,18105.143210087703,4667.629068176721
2026-08-25 12:00:00+03:00,54419.04698131406,18652.360609299023,4695.76515807939
2026-08-25 13:00:00+03:00,54660.78273544598,18404.68796805876,5488.418318581077
2026-08-25 14:00:00+03:00,55944.72966436699,17168.862962896612,6672.010643170886
2026-08-25 15:00:00+03:00,54905.8443642449,14842.292050778347,6495.0314309752475
2026-08-25 16:00:00+03:00,54905.8443642449,11245.60764503175,6386.840199065815
2026-08-25 17:00:00+03:00,53621.55386745561,6511.460548700041,6841.033954015354
2026-08-25 18:00:00+03:00,52681.49757170258,2054.6092213531165,7372.952277309671
2026-08-25 19:00:00+03:00,52530.52247203075,234.14803617302792,6197.761791484712
2026-08-25 20:00:00+03:00,53102.27707638337,235.25327469581953,5659.717296340267
2026-08-25 21:00:00+03:00,51428.43499131096,77.76199703033916,5699.6391899297405
2026-08-25 22:00:00+03:00,49063.082632079655,53.57895980798529,5364.512428371661
2026-08-25 23:00:00+03:00,47132.76748690197,51.006963104836274,5092.838318284211
2026-08-26 00:00:00+03:00,44569.78107657163,47.18663515574524,4383.096772074217
2026-08-26 01:00:00+03:00,42551.36541679475,46.762747103141855,3496.9981796105935
2026-08-26 02:00:00+03:00,40569.51728942013,46.06261668549051,3279.3079922165384
2026-08-26 03:00:00+03:00,39467.180127628344,49.596312064680106,2966.4170655436774
2026-08-26 04:00:00+03:00,38963.48327159517,59.848971888088705,2854.450764721667
2026-08-26 05:00:00+03:00,38963.48327159517,109.75074113259154,3144.784807678779
2026-08-26 06:00:00+03:00,39260.47989863633,963.4124040206706,3127.9507292835756
2026-08-26 07:00:00+03:00,42191.82990020681,4557.338608025898,3154.653537900784
2026-08-26 08:00:00+03:00,47479.29683636359,9621.842915700288,3428.4744629701295
2026-08-26 09:00:00+03:00,50963.09779936882,13902.512002067771,2297.088606608018
2026-08-26 10:00:00+03:00,52402.27291380153,16914.289971750153,2288.1342503947553
2026-08-26 11:00:00+03:00,54011.13736167892,18530.083742822957,2451.6120844505454
2026-08-26 12:00:00+03:00,54381.31104121483,19114.640900056966,2853.529932274771
2026-08-26 13:00:00+03:00,54596.9508684163,18830.505187427396,3453.188961428631
2026-08-26 14:00:00+03:00,55918.807549129844,17527.64280113772,3629.8240601674174
2026-08-26 15:00:00+03:00,54795.92720501006,15127.625913963693,4117.670822621352
2026-08-26 16:00:00+03:00,54727.752362480096,11512.149870859681,5677.883026930895
2026-08-26 17:00:00+03:00,53653.61840806561,6633.790656664015,6444.314575084659
2026-08-26 18:00:00+03:00,53059.96747218091,2075.906216312845,6874.2394013628145
2026-08-26 19:00:00+03:00,52759.856285736365,215.62509446054804,6553.905214772803
2026-08-26 20:00:00+03:00,53273.3549801587,215.2956223585472,5908.485206959449
2026-08-26 21:00:00+03:00,51694.400075649806,48.71699818308481,5233.680691099503
2026-08-26 22:00:00+03:00,49123.66428567005,41.10400758421514,5002.937870612057
2026-08-26 23:00:00+03:00,47218.62216023453,37.222102600232446,4616.485588552078
2026-08-27 00:00:00+03:00,44021.4856660651,43.17508031499416,5479.440019615686
2026-08-27 01:00:00+03:00,42047.33183264014,42.97924531292918,5298.558861527918
2026-08-27 02:00:00+03:00,40475.376096781154,41.44213630189739,4928.517335394034
2026-08-27 03:00:00+03:00,39220.49234673612,43.64874651622948,5119.316045130637
2026-08-27 04:00:00+03:00,38737.45536470038,53.56087046350444,4414.919785994322
2026-08-27 05:00:00+03:00,38738.82884279573,102.0518418282989,4840.414105878284
2026-08-27 06:00:00+03:00,38983.45727664915,962.0927433915667,4601.934815332966
2026-08-27 07:00:00+03:00,41852.23182989869,4607.476861893385,4266.054145811815
2026-08-27 08:00:00+03:00,47433.158983235924,9777.775423298302,3684.4157435598936
2026-08-27 09:00:00+03:00,51266.60678710404,14170.323600954778,3198.107291080565
2026-08-27 10:00:00+03:00,52438.167003167575,17234.527499387867,3219.0057925155406
2026-08-27 11:00:00+03:00,54045.366135121905,18809.9625978374,3956.742067055305
2026-08-27 12:00:00+03:00,54239.142298616214,19341.50761555172,4409.385724250662
2026-08-27 13:00:00+03:00,54430.93479740702,18894.37308293379,4777.352545706262
2026-08-27 14:00:00+03:00,55563.53408191982,17416.24827956677,4762.821703861783
2026-08-27 15:00:00+03:00,55563.53408191982,14906.1240230738,6874.563726153368
2026-08-27 16:00:00+03:00,54539.54341450358,11126.065904210122,7565.09143290167
2026-08-27 17:00:00+03:00,53258.16034003105,6317.951738566959,7565.09143290167
2026-08-27 18:00:00+03:00,52823.64398799496,1947.6650790568156,7253.240476013324
2026-08-27 19:00:00+03:00,53144.65613813758,197.6766022606452,7241.826948975187
2026-08-27 20:00:00+03:00,52688.32695043467,192.10618133925627,6982.973738206569
2026-08-27 21:00:00+03:00,51184.32802065388,57.128816158870904,7180.241857303431
2026-08-27 22:00:00+03:00,49081.5468691954,40.98948060342618,6612.677924837759
2026-08-27 23:00:00+03:00,47374.15525894504,39.80368341100706,6310.46256605828
2026-08-28 00:00:00+03:00,45725.32761787808,76.4896600085829,5733.87623335682
2026-08-28 01:00:00+03:00,43586.30182692498,43.78685348925082,5475.423937082482
2026-08-28 02:00:00+03:00,41775.49960832012,44.18154733635063,5849.493230288426
2026-08-28 03:00:00+03:00,40337.35300223665,47.55561271378478,4603.516620786228
2026-08-28 04:00:00+03:00,39523.53513448313,58.93428225965112,3892.239759540293
2026-08-28 05:00:00+03:00,39311.938491298795,111.95081970839983,4103.494907574915
2026-08-28 06:00:00+03:00,39771.123239762106,980.0254593568967,5955.773269774883
2026-08-28 07:00:00+03:00,42474.576475956565,4595.091260720703,5930.802686430969
2026-08-28 08:00:00+03:00,48589.71260919669,9852.313462682676,4708.244521005313
2026-08-28 09:00:00+03:00,51887.89889520296,14285.341711039018,4910.313767678686
2026-08-28 10:00:00+03:00,52765.98383276675,17370.01768427406,6010.510804665116
2026-08-28 11:00:00+03:00,54103.940605404525,18978.755878115393,6679.884495530067
2026-08-28 12:00:00+03:00,54166.72773830325,19503.199957509703,6748.704808415481
2026-08-28 13:00:00+03:00,54384.08313724428,19082.862524193122,6541.11013244957
2026-08-28 14:00:00+03:00,54499.568960413155,17606.44151627927,7413.055981515545
2026-08-28 15:00:00+03:00,54096.76965043097,15017.451875141967,6772.5313581435985
2026-08-28 16:00:00+03:00,54166.72773830325,11141.063490987828,7076.092155600902
2026-08-28 17:00:00+03:00,53358.940391672266,6220.741450810973,8265.016553232545
2026-08-28 18:00:00+03:00,52876.242802078086,1854.2331722424692,8311.280659936
2026-08-28 19:00:00+03:00,52721.29167806939,203.3497576538968,8216.595150867068
2026-08-28 20:00:00+03:00,52709.979767767974,208.12440184769238,8128.511695429654
2026-08-28 21:00:00+03:00,51135.23934192971,58.54717009744885,8097.994746804621
2026-08-28 22:00:00+03:00,49400.29588628851,45.972064459478645,6872.049496185681
2026-08-28 23:00:00+03:00,47322.36754900744,47.45369960529455,6513.200100488838
2026-08-29 00:00:00+03:00,43647.494134028595,44.45837146804545,7162.789230579208
2026-08-29 01:00:00+03:00,41362.02963352297,48.194211521764046,6815.485410854456
2026-08-29 02:00:00+03:00,40159.43959211362,48.59683710149044,6853.669799201648
2026-08-29 03:00:00+03:00,38861.531809231834,50.95293159864807,7422.249830020263
2026-08-29 04:00:00+03:00,38259.24699376398,61.14089089054276,8061.277808873656
2026-08-29 05:00:00+03:00,38015.982954561936,107.35336564726462,7812.24757177344
2026-08-29 06:00:00+03:00,38031.52150386184,887.6073558409852,7160.070667667053
2026-08-29 07:00:00+03:00,39706.63444728885,4354.986118320123,6323.519690013334
2026-08-29 08:00:00+03:00,44594.86748561941,9412.658346277487,6883.151208204528
2026-08-29 09:00:00+03:00,47891.68874656065,13720.16359849154,7478.64300210042
2026-08-29 10:00:00+03:00,48657.44514368387,16635.44955196277,7356.824228291757
2026-08-29 11:00:00+03:00,49390.06467592959,18099.648583659262,8086.708756768549
2026-08-29 12:00:00+03:00,48999.083294324744,18272.448798620524,8074.7281503568065
2026-08-29 13:00:00+03:00,49246.28389297718,17734.929446192644,8115.581660885074
2026-08-29 14:00:00+03:00,50012.559574123414,16085.5828277127,9059.604252897663
2026-08-29 15:00:00+03:00,49623.41819862862,13464.898317313717,9547.179677210677
2026-08-29 16:00:00+03:00,49169.98791907782,9906.426848676381,9528.013898734513
2026-08-29 17:00:00+03:00,48553.44971795485,5522.681088507588,9560.535983371483
2026-08-29 18:00:00+03:00,48174.95210154145,1667.7222434416956,9244.870190132518
2026-08-29 19:00:00+03:00,48866.701891207165,207.97276362297237,9315.170832834196
2026-08-29 20:00:00+03:00,49148.92100109517,192.31867817746556,8630.355748992284
2026-08-29 21:00:00+03:00,47877.20332506603,65.27555056576458,7944.464056436017
2026-08-29 22:00:00+03:00,47041.245001177966,53.254341278257805,5944.524641603969
2026-08-29 23:00:00+03:00,45178.544972799245,53.35439401866473,4049.171325626833
2026-08-30 00:00:00+03:00,42256.51915610542,52.50598795953664,4569.29273529233
2026-08-30 01:00:00+03:00,40394.655949029024,51.107660097031285,4167.740258306688
2026-08-30 02:00:00+03:00,39222.76959997696,52.02108210750146,3875.089474852857
2026-08-30 03:00:00+03:00,37042.6153437709,55.922357547451234,3702.210210797157
2026-08-30 04:00:00+03:00,36255.783624232376,64.4018674668593,3704.78303037064
2026-08-30 05:00:00+03:00,35574.352331299764,104.37139371362247,3633.639995111695
2026-08-30 06:00:00+03:00,35170.807856666885,762.6792827114683,3497.869689939436
2026-08-30 07:00:00+03:00,35904.28544139872,3310.700512393356,3295.104121867536
2026-08-30 08:00:00+03:00,38143.69518724672,7248.108342302243,3072.107080467812
2026-08-30 09:00:00+03:00,40057.90960938752,10815.317515819233,3527.8408194205426
2026-08-30 10:00:00+03:00,42451.95516089129,13332.73337515723,3660.5078464129233
2026-08-30 11:00:00+03:00,44172.77170865773,14850.08570140325,5082.008751519526
2026-08-30 12:00:00+03:00,44281.82867541263,15251.177925115591,6151.799626139056
2026-08-30 13:00:00+03:00,46068.1533152045,14876.238344836338,6668.168877139913
2026-08-30 14:00:00+03:00,46068.1533152045,13626.852935482977,6962.982643026881
2026-08-30 15:00:00+03:00,45929.99185889568,11523.562873158782,7805.808127842638
2026-08-30 16:00:00+03:00,45835.72048190312,8377.569013839595,8017.798760305406
2026-08-30 17:00:00+03:00,45818.39342498793,4751.468512505515,8853.120208601746
2026-08-30 18:00:00+03:00,47064.268287077066,1490.598339294993,7984.047463530979
2026-08-30 19:00:00+03:00,47678.74064486138,183.70553295378886,7703.173324566223
2026-08-30 20:00:00+03:00,47869.86279145632,139.04251567994447,7713.277713068233
2026-08-30 21:00:00+03:00,47023.95307677086,57.21020216380248,7357.1333053812405
2026-08-30 22:00:00+03:00,44816.49380098863,48.42855248162666,6530.26787127031
2026-08-30 23:00:00+03:00,42339.08329468682,45.81726527279508,5713.839396570578
