,h00,h01,h02,h03,h04,h05,h06,h07,h08,h09,h10,h11,h12,h13,h14,h15,h16,h17,h18,h19,h20,h21,h22,h23
2026-02-01,65.46419192431867,64.1666930666863,61.82596330312665,60.700396602972894,60.35480932208966,56.60633750021702,66.98812262753972,56.018948139076535,44.975843555393375,48.24484181793118,51.36382118328503,54.17792792485896,46.17979410857275,46.39010089349235,46.88955522521616,55.11785337876055,64.48738596150011,73.83683789540294,76.20961451525783,76.67919486645015,76.09532423713505,74.20815695644957,65.85224344803356,58.06678979094152
2026-02-02,65.54742889841238,64.88379812376033,57.20436546111379,45.44076127333465,38.92144808009124,46.33900259329721,55.585627456976006,69.16394516504548,76.97667071571422,74.84094912115457,68.75781967580912,69.50770196586767,58.69023119716934,65.31171255990867,67.27557876319653,67.57626311966412,74.93932581730286,77.66118887089036,78.13259617802655,78.37824643896143,77.41602432227332,73.62914101680785,68.5560450358638,68.7726825473473
2026-02-03,68.92386975507532,66.51175221798721,63.20220520185266,63.61250381136459,60.92588261762356,61.77562276880253,63.20345462638217,64.22391704020013,76.2783166083496,79.68886092849392,74.46350538863713,77.53632024847742,67.85073651576191,73.63524336963434,77.77400290650735,72.70164211163387,77.98575018208918,79.1530954895236,79.39247291414476,78.67259422114466,78.2230659927664,78.33440104143423,71.793236416257,69.5741874810711
2026-02-04,73.58131840231704,68.49187868653237,65.1476558811315,63.44206731102733,64.544663673567,65.62309635231352,71.34761596813046,76.97679624944514,78.26041035455307,77.69166668596485,77.53091878168614,77.88473584079023,72.26779190993864,72.69568586418698,70.77554763925615,67.00492067545946,76.43365273671701,78.09803724811759,78.03025581050224,77.11272272234604,73.5983552800634,75.01596499572035,68.21410356471212,64.77626747893024
2026-02-05,64.76207139761519,61.12180945779899,57.441632384714744,55.14781288095714,54.627468148382924,52.98156814605526,52.951633851452115,63.37062553014499,72.1156048104889,70.4833627534738,62.61094069820964,53.42911886658493,44.038178633847316,42.37070301843725,48.853369672086835,51.10357829050552,65.86654911271303,76.95630881886714,76.07929217198088,75.21992636820107,71.21835370012796,66.61475504368791,58.53909969855204,51.31377905212757
2026-02-06,55.799287863929926,56.08352922733455,51.89381971367619,53.43374600996623,54.12253896198699,56.25596521535755,62.01326965225635,65.18826455255174,72.8699371001651,75.92869984591364,67.15467110008771,67.03306855675717,45.909829297005345,49.29242543169186,55.95295343844814,56.88248245601093,65.55647241607117,77.64500959827673,77.8548787848707,76.07722168266375,68.51304478325234,67.8137616381309,55.816039698085476,59.1204649400974
2026-02-07,65.92376808436016,58.6199222212478,45.17843070744969,54.27233311005991,54.66389610444256,55.273520100563466,60.55636449355409,65.2068068432267,72.56200709143455,72.90875097351491,73.07764044401016,73.62492322243374,62.57116811127331,63.52528791037344,66.17398373877235,64.40026960310242,67.55619922344039,76.82366210444354,78.46741154780636,70.75960082662615,66.83122353294038,73.05505737363285,63.23329159894093,57.544974325237504
2026-02-08,65.01924959838225,62.92015832533073,58.938467085467906,52.02540158912807,55.76856746392545,56.02044551774944,61.46559454372643,54.031501581540894,53.616783975064756,55.967165844665914,49.51394355948086,45.12034154918293,33.454806321068695,45.49685913775757,48.22852622442605,55.68280833142093,66.06112517455954,75.59220775575405,78.80091992171879,77.5488791042389,75.15067042142557,72.16133853742436,64.19980288284236,62.87001390703558
2026-02-09,75.5279948968428,68.23182900957053,61.862240486504646,62.011634262581964,61.23242958150188,64.35127977369004,68.10084274857788,69.91955980690328,78.13854867751783,81.09485240109129,75.45268752683523,72.63561103190308,63.129931712876605,70.15272240354575,70.74712583727597,70.76472658972793,73.95090829901116,78.52298818175943,79.05559116918582,77.86023085118765,72.87729773948293,66.8588615400797,62.91367083135197,62.31178438625025
2026-02-10,63.366769003314104,59.361247149869605,55.62924875754037,52.60724941290798,53.855938821298274,57.08485147424081,60.32463625290005,66.60990585092526,72.34088860684669,70.85845622643149,70.21370798416082,66.52167748512565,55.08208671623169,58.608076860981896,59.53974325291449,63.26276549697485,71.37841692215534,75.10760455131627,76.53543713018928,77.36090657045605,74.03384696098043,73.4527995621412,66.6983926132873,65.93616035233886
2026-02-11,68.51084477824934,68.76460621053444,61.35171666586333,58.609799562900356,58.704641835564395,61.49232426839842,67.32462333492427,73.09587725445515,77.91130969702638,78.55259713290738,74.41010544000531,72.76290290675927,63.83470401411845,65.18975099649903,67.97701619873122,64.91341140333041,69.88014981779102,77.07982298310854,77.11919578539437,74.75142226637323,69.82961465619292,67.19521795043104,62.3358199607278,58.81264772561063
2026-02-12,62.103428689965035,61.6301899730489,51.55463177820709,50.54215382332316,50.527708486816394,50.6452965698997,58.58352637377591,65.17140614148968,71.35669310820096,72.57095272629192,64.64715187587333,63.997475396764905,50.27946947305981,50.79428256292241,54.24517587829669,51.09951039285057,58.6590413960139,75.82849298959835,74.57472545271082,70.48135658822446,63.27615154620857,67.85196335058872,58.957771731610386,52.686170762269306
2026-02-13,49.31769020643936,45.01656092668544,32.472404518447256,47.208046979369456,37.67512021039406,33.440800292708424,43.03329732822769,55.26137051972644,69.28890747376036,70.66370243416809,68.96890496380415,68.19348878101833,55.51636808549036,56.129933651113035,64.28918586926189,65.34950867039257,68.83659122185469,73.3719805206212,74.88233550185049,66.7469909703548,60.03644303718482,64.06147597226038,59.311220685035835,56.70127859619317
2026-02-14,57.23855445874443,54.21265963542455,51.66106125407369,55.0131421250881,53.929663851184365,58.73950634254471,62.72027838004087,61.90841385271952,66.42500610561166,75.509558397392,71.28526214169437,68.52112197530106,57.654813485193905,54.43354495457656,56.96499282543678,59.80820897960206,63.29262036148981,71.34986701651125,74.95197703978056,74.84037199838058,69.82398834263562,73.50428205560397,58.39634588732179,56.1850357477133
2026-02-15,56.29244589790531,47.99540198243266,34.758647848885026,33.34806958156974,32.06257130220527,28.810078401252177,31.004367346536355,30.491775419660097,28.892767128876702,15.341744699942232,8.272613775551456,8.739564550312927,-2.856084377846075,1.6676076382274898,-0.08358389652112194,2.4639853221377574,25.667386679771205,53.73062734783143,66.5344044275618,67.78386507331241,61.39695251063508,59.08753786471649,41.621285423138346,31.50746669188235
2026-02-16,39.27564267124398,28.5041135266932,24.255235130274052,25.082536540021998,27.031506217612293,35.18515890857412,44.70118263183816,60.31065077564904,71.18908990640155,73.19407513027576,68.74891383310002,64.61922297394014,45.14137644162684,50.82671093621667,52.329109070874395,62.232300946424964,66.94589562664385,74.58696906272004,75.72525023231944,73.35010649249435,66.1715464511928,70.65779917777331,64.29236289199423,58.227294830633404
2026-02-17,42.543316194723666,41.19093585315501,28.93224507267398,27.542578918046292,31.384687084195324,39.76726272457844,52.454860015085075,48.90787364129421,65.06201653492455,66.90744560426529,60.542065036011174,57.693995417457096,41.00137675351177,35.32436196794341,49.4387831137637,55.919284953834435,55.666575622348425,74.90246303013487,73.40174320130677,72.61906687315384,63.81834312841702,62.5399964058572,53.18943021310726,51.90902592251283
2026-02-18,45.586987454963435,33.91982277550551,19.124670934462806,44.30153335677397,39.851262270859394,37.74947657357248,42.319145329896315,67.81370463683677,70.5457423654637,62.67260255391922,59.879416968958495,63.47020837273322,48.268748599365814,49.58484639215375,53.026299133096416,55.37952964628337,58.6142670809892,78.05582018423206,77.64695985427443,76.09724234696988,64.23600715922183,67.76541876568979,58.58072756005403,54.53322647836248
2026-02-19,56.875650964979805,58.44726377419105,56.466857295546525,57.15184750384214,57.0866968151502,55.18900337153904,58.35918956272199,60.49465665623013,67.76011028930607,65.93138962651592,61.652440178813336,64.3233173113487,52.67224840384244,57.735230531438845,62.11364082193097,67.32340602410486,68.86557703461696,70.82480627748092,72.71680794200712,72.14995429161245,65.62473705041728,64.315391496501,53.540939287474494,50.09642542068771
2026-02-20,51.07137180447625,44.619900532986684,38.88594984652155,41.64387937122297,42.70537777853675,48.687239943695374,49.78072216126661,52.94666735485363,60.47982851633793,63.33156529436663,57.39000383812879,43.32837846590671,25.29753518223185,25.157690753629314,27.437398612481758,35.350981972794976,47.87097674462804,68.13249676459415,69.99713286348835,69.80078376810503,67.89544221176757,69.52284038125032,48.209345927496955,48.291880434813
2026-02-21,39.59990891773258,37.73643028418345,22.30615030850426,16.26132850483361,29.71950994003915,40.25978267914901,38.97418802692517,46.34776419221819,59.64670956848757,44.795840430831646,36.58095217232783,32.98220723308324,18.243276568694927,17.682036778735483,26.543922036825705,34.08377996385136,43.783807455952214,66.24509151603071,75.2332979513425,73.8021941693972,69.45237560313302,67.2376897794674,45.83791843626466,36.89232214992538
2026-02-22,36.60654316785883,32.90584978562257,33.77883460940235,31.17048494097975,31.906624173917475,27.824681726596353,28.593570371907127,21.38648296891688,15.328831230078189,6.221340377082593,3.068271808650893,3.6095558701541193,4.3673392584014055,0.3029042118120225,5.525009804014393,9.991878118226888,19.787029979504542,43.0387591441376,63.08745976887036,59.014131593163796,60.35970572700032,57.17666666068658,39.427864757575335,36.46183201704858
2026-02-23,42.16645479454875,37.36579566764211,37.97168603620881,39.33887548926373,37.9930900528009,41.9510613461842,51.224081134733034,60.26410146433154,72.96458213173254,73.060930603072,66.85696222921204,64.13511486108368,56.03985401912111,62.72784729549232,68.14797277008726,68.37507107743735,68.21388331784553,76.24473692765721,78.26520001631434,74.59781636906699,73.52017355932885,74.57600124208854,68.38928153858653,67.60838781493513
2026-02-24,63.89462472111833,62.97107288977302,58.57426325788834,56.40813062277612,60.2025985775764,62.203564880418746,64.62677692825663,62.394450276058514,71.474459005423,51.589921178022884,42.185710700167505,43.66273168734941,39.77107235946701,37.660987381356,36.86162657366464,36.464851806901436,40.21497807118374,63.82295570328256,72.41318983333237,69.98817948719812,70.78181073550164,70.2486621167838,53.87282413120839,49.34272511136618
2026-02-25,58.379164345914276,55.80484599076333,40.94949199811956,60.0357979491205,63.83417593692021,67.3262756255321,69.38435384874617,57.15395973422755,50.760679075565854,42.35361132765327,28.306412693441164,31.782582821521032,17.233104506151705,27.30366640209038,39.22999339900212,41.863140535580435,49.013722614945124,63.88602339777943,76.2602891350701,76.69814441174292,75.01383802032107,69.15234243744523,61.928845029190434,62.13664126291881
2026-02-26,66.74966061543394,65.69155062892362,61.79564012094368,59.25150564217051,66.79953947793076,72.89390249342138,71.65689962391036,71.33177600879803,72.85866766549685,68.49491815673997,52.60800553793742,51.7529387736159,49.275935771205,50.670339803365664,51.62944681303739,49.2978650305459,56.87260461855468,66.85748382207264,69.64221598341162,70.62707878900416,69.20821383873555,62.7651459806897,53.330656177481735,48.39933631361842
2026-02-27,37.303044406453026,41.258991701796035,40.809010094805885,50.584464170100226,58.65012569820756,57.92230163015325,61.68342550756667,58.07881956771886,66.54008637135254,45.09700146947185,39.44021279962342,42.25587908858884,40.96760323277626,44.93447513793866,46.0881876249799,43.56971408898121,45.406110807497676,54.138800972434865,67.74570203500065,59.50096526077182,63.24935359484118,61.693279250375156,46.6061280410857,45.93689340269431
2026-02-28,35.3372942423803,51.043218315445934,48.13994368324996,44.920551576713606,48.42584939593152,45.034174336867984,45.890383908768484,27.90970383132974,34.41218313852452,25.402016513349285,23.401085823598546,19.366534929612055,14.53456681570668,11.671150125999029,17.447735678252002,17.133457902174555,21.117356854254965,41.36316187629179,53.80899840179677,49.346068172252494,49.07348139539559,44.04142609883697,24.569105545501426,22.374687439795697
2026-03-01,30.496242089121843,29.374493821094358,23.96853928965812,20.90515928585452,23.388537655447617,26.61615103347308,25.391211300619723,18.17328409714999,8.621987351100161,5.996875194459642,4.851997047209659,3.39160466290035,-0.3164364840452811,2.108648578581477,3.857283451005714,7.473477862875186,16.22137637119159,41.41598470391006,48.13830024208708,47.22817702393424,50.30546848261053,49.939332222288044,31.3380609673288,30.29752997143938
2026-03-02,47.10025134933172,45.68545400630345,49.045216477435766,46.571370046641924,51.07122302570835,52.706176032555746,59.257865768984296,60.50020841151218,73.91757808926639,61.77676922428671,51.54815340018365,43.21189517315058,32.89026972280562,36.02740372106722,42.14599660893493,47.386085348342704,51.69689032423468,69.28663400278126,72.89114500998235,75.83793675756331,77.36845345727656,70.73072905554523,67.45750161796173,66.33141006990195
2026-03-03,67.8097801739973,68.32545414074568,64.32362472159322,57.74551672566169,74.96774690870203,78.1712573950502,76.71791511078727,59.359851639663,69.4575628095002,42.54912710456145,36.72909369393054,35.99127344431946,28.622711776288035,31.91813781794255,35.41168879342526,36.25063638540665,41.0978218172212,59.36750260124033,71.54137193143744,71.56297325979949,72.32969652530399,70.62526691215454,59.31608913801139,58.921924206544276
2026-03-04,49.32894381988341,49.8200748342649,48.29880456287565,45.61027901248633,54.2066923146546,62.396288240648985,56.03404491540071,47.180155360594185,58.21507372532765,49.80626638786032,46.73230842982423,47.37674776927938,40.81470589890901,57.28129567547737,57.02260425562007,51.13344870332818,60.537926649504406,63.93349630333452,75.32559303987968,76.57272736318218,75.01082638833057,70.41109126624835,54.67529650898389,54.32508309752432
2026-03-05,53.005279200439404,54.61665261940572,54.54050759684596,53.34242752841885,61.433364928838905,64.69504846263897,64.89594318194486,57.813707576548666,68.03991648177208,53.54521619205636,45.209180859103,45.136209625564,38.50162843896122,43.085060971011586,43.24840292451618,42.83457602049166,42.677229012496475,60.775805451056634,71.91427219919429,71.78874961559947,75.51881559619899,69.75058791680966,57.51529799523358,54.8686441294082
2026-03-06,50.22514116791749,48.297729030805144,48.511617518487725,49.48402106726422,56.813938596026375,66.4976001365473,60.71260364264057,56.10824027436866,48.178903234272404,34.650179113029395,30.83208748706729,32.3623748805282,29.2414061184629,30.519651017295885,36.286165076639534,33.557489318764055,39.65707211262679,56.75745473967304,73.14024253231568,72.53894863799137,74.82645830613372,68.43716716209798,52.705233018115436,50.33162917037867
2026-03-07,43.650801645559184,38.09131993813351,38.62765744840194,37.500626826824536,47.50477937214967,57.97140888015745,56.94530528336882,34.103879066168844,46.30112899533727,45.37320524840266,45.17212669330752,37.38682885046603,29.953830148765583,24.9409663484143,36.57398787677421,33.19237059372405,34.45087245357984,48.90293379681227,69.35403270008457,66.98538901267716,67.35525026755073,60.86158070003147,43.64204776815362,40.44694993828653
2026-03-08,34.95200553590506,36.40346970808531,37.5136562207483,41.72885078518712,49.212959010963246,59.7272158584994,53.231664863742274,31.533925401704572,7.1484568042944225,-4.11959791872154,-1.4299601874779242,-1.7243290310914456,0.23567711334539604,0.2841340283963611,-0.006998301376977966,3.4633295585453268,10.431262825548147,41.363438605303756,51.808844486976746,51.83810792580009,53.2776060855101,52.74124017690463,35.23255420346831,31.6972520917205
2026-03-09,42.38312299929355,43.449051039527674,37.358994649645005,37.95191813214743,39.540756042690084,40.95623941963756,38.51716934872245,46.66366626143554,55.47647668737622,43.874787333447244,40.61052152734219,37.33806743057039,25.32584836871436,27.908128665009006,29.120514873124513,24.374344448290007,34.975034455501444,51.61125613311329,67.569244002751,68.79370218642418,70.28848027202041,66.56127896002131,47.862756566796016,44.2306324628177
2026-03-10,46.7244586269549,39.64536048718199,40.01688835597242,45.534775397190764,62.521393047658286,67.96306357845896,60.17986642012816,44.88979266821183,46.011907677085375,32.56071694328826,29.04714638416214,32.32132100730927,21.63248647739366,22.79596235612795,28.930202333303736,30.814797496024784,36.70246872824328,53.22050636201573,72.45583737647803,72.29402828722225,75.9609025564611,73.5313622671423,62.408117657826736,53.716261222416826
2026-03-11,56.92359139141697,56.464083161682936,54.85659271992464,56.43110154951609,63.02284217435136,68.41281082887465,61.56685770280281,60.24872531151365,62.68675365216209,42.99955564857528,32.56545482706078,32.681474217334205,23.586519024016955,29.978246219021795,28.69466201983015,29.601091354072818,35.26144031582741,63.97084998044904,75.1510323320825,73.31186384785221,75.74766995525643,74.69426948275381,67.77027288546851,65.1659645647083
2026-03-12,72.18323814407243,65.07755531376316,62.95511837614476,60.583076224354286,70.97915841895075,73.93647806015254,71.29402526269901,71.46451506373984,72.46818658179555,46.68500384124464,36.967881337376745,35.84175765001558,21.90526889778472,25.79545585905746,29.30702747029249,32.49412952083379,44.22901117924869,63.666799789365214,75.80158651628726,75.59627379988525,77.50229918635164,76.33779324631097,71.57313544759175,65.35621739494611
2026-03-13,61.001229526394546,54.99405745430754,57.156210605446645,58.50397084468022,67.60862427443779,71.27754434441466,67.9936417079584,60.3179091417277,70.02518194530273,56.90272689055951,51.290049540042894,47.640919509808555,24.110795183180233,24.229010757820163,35.79008678443924,36.159799153755465,35.11400205005954,52.58818391475086,75.10862409792239,75.23786899042047,75.73972919918235,72.83939579021603,65.7742554743057,58.08299463054854
2026-03-14,57.586398272677414,61.38670245229046,59.731900258451724,61.353725014006436,64.49411576367193,70.64229564390492,62.23033407694569,49.17273038154003,40.71649739084436,25.590220679818728,13.763825767245397,10.953767295892026,6.8469515784526385,8.021288512444164,11.399756064171008,13.777780140962294,19.221461760646896,46.187682793279905,68.4674342805641,67.5591530656838,73.75885059183724,69.19818911352212,51.1378087859834,55.559721832951745
2026-03-15,55.238040588625644,51.39574438604208,47.40836500178488,39.7258444985931,53.70428073021684,61.17650373183586,55.49010026083375,33.8987242796421,12.359227657844007,3.8705761379212413,1.2154152033695784,0.7368536578506095,0.037413657887355324,1.6919206360579928,3.384998571395933,8.245025335817894,24.82650250983665,52.07508313036867,59.64273752932535,69.52953630631183,69.62326011938681,62.521733768227584,53.80186822693852,49.57868629011526
2026-03-16,60.126476601241805,58.82026863179458,53.34478580349213,56.212916983268926,62.39286462971248,65.63794880897404,63.53733941505063,64.45098478662314,69.0872391522004,67.95601089168322,63.27735299844092,58.13124272074745,45.96564727234794,54.54120934472517,63.56031111126912,63.33557457462171,62.27716180508344,71.82887149905211,79.3161098926654,79.34959595501482,81.62511174942698,78.05521749009318,74.49226672178078,70.20033151133838
2026-03-17,57.435817676295365,49.96690790507123,43.95437272177042,43.71729580981684,53.1637067805546,63.446561475447915,57.39498785826491,56.9291359197989,64.34098563174587,59.53105208796774,56.570373665487935,57.22400726108569,46.18755000138081,47.51010007632165,55.801882023559905,53.79891372915208,48.99215805116326,62.03311106931821,73.40309372361007,73.19720471589913,74.24797736288775,67.33415196187617,61.03005567137111,56.101146648118565
2026-03-18,59.59496285609163,56.77811262681417,51.55526075995226,41.69654254307469,48.8423992620657,55.650220223832406,55.122397728267934,56.37964499550541,62.315535954160715,44.17814582542903,40.06708948816062,44.90834793046835,36.46398140674083,40.188720965166375,42.80892258074348,44.46682639351407,52.322426202843694,60.2676754901421,65.8863450856617,65.7231410431489,69.7852085051732,64.15217180151288,52.36296121893996,47.757343422705226
2026-03-19,33.57571410028454,23.550507954258848,19.207189911770424,17.518881722597847,20.777492380468725,28.367347730987113,22.337582382561518,16.9575922081459,28.75058354261021,27.49360496052733,25.335003318677188,16.768087053676002,17.58069264169806,18.95207646499843,26.223595650610527,26.81145480307695,30.27599153891168,43.417405054321705,49.31835612467495,52.192311991502905,58.59607457104471,51.35113389212586,32.11453361171715,31.067642278852606
2026-03-20,25.91348320526268,16.027470694738287,13.25780926884042,12.989923707916137,12.309579803861615,20.049227729732053,4.412686796634718,-2.7293572857767825,11.8360465835812,19.427625529287727,9.918898912966366,10.223838055697248,6.407637015048102,7.474307389984568,6.5614773735026635,3.7834823883428137,4.630812132595772,22.520340694284936,31.581826906829697,34.86148871563589,40.219145529967435,34.75887169835958,22.840474350218134,19.447422665399042
2026-03-21,17.589197369235755,9.82717923181027,5.15745763457863,-0.9370244715240352,6.283554309663384,10.739959601237977,2.764698947332666,-4.1286087923799135,-8.117389582099502,-6.164942985312307,-7.494389332149456,-6.732140439637143,-6.987894572277054,-6.701256370986258,-6.491644905776671,-6.276209944746577,-5.752022305858617,12.96695745441989,16.440462935581223,23.28819467614968,25.73768494560385,25.0736095515965,16.98130908956641,15.820707821357638
2026-03-22,20.135828779298258,14.92544684792871,15.81211705299359,10.710472172010947,10.968576560390396,9.228867751336303,9.407007188676928,8.677069718828747,9.829685938097992,11.142265796341631,10.923786455134803,10.090348869283858,8.754330706288107,9.59191632021024,9.49460201194886,10.251280099274622,10.783215945470793,26.83428649816274,31.334976420568456,39.83540011540602,42.36768410799118,38.00872431103924,15.823953668244346,16.507472929250962
2026-03-23,30.822431947775783,33.33796370606521,32.118685812488984,25.704856624307332,30.20721511595248,33.47130889587724,36.68426144789998,51.85921817294303,55.253752862001875,44.61517905295911,43.58338075007693,44.39172192052425,33.25975085301054,44.25560100025246,56.84001414739435,51.766754892988175,53.62068147888944,63.78701290398175,68.56221033490446,69.54637949353629,70.59346065553267,65.82223794741789,59.50386857521805,55.85966897207474
2026-03-24,43.45106600237339,36.51252468092514,29.477094867139538,29.890863363282904,37.1047209137846,40.39839781850133,32.50137775754276,35.96212266961593,44.29181126844278,34.80393467382228,35.80064384556881,40.47685881737323,35.35478013456481,38.99034487301337,41.14869847389881,36.99149099091015,42.8756639784952,60.018218277208526,62.19896387098101,66.87440519111252,64.14909180033389,50.90798500796724,37.9342515686422,36.70138141713905
2026-03-25,36.89485042508207,32.9293658221054,30.15426450368085,25.00289601692255,26.017841357828726,26.816426855829846,29.52190945368066,27.85290130805485,37.157135664034676,36.9232446207255,35.317514375442414,38.53813652437706,28.48438288861468,31.458989578740322,35.90980534800472,31.356875374903417,35.3169583285604,50.869284038663544,50.600558829746,53.416745246463506,52.141657296382945,47.557524715057475,36.861496109405735,35.6622728376202
2026-03-26,30.638023236235167,32.702713149533146,39.35537233719065,48.472980023534966,47.932672840660096,50.426101836986014,52.82656649085814,50.49532628203388,57.117102078709586,50.6431608198665,40.75192490229955,40.55620775677458,33.45939693431857,37.99019376483303,38.33017343876676,38.73655467298881,39.15608727491261,50.0387389299743,57.34349160077044,66.99582824656267,66.79190131957434,63.29127069422717,53.229492516859146,44.95177439293307
2026-03-27,36.562949250578924,33.330011985259894,30.11049448399277,33.869298514628106,33.15994079014297,29.767371143424178,28.242398058829952,26.194076938126056,27.998873311200526,29.442193672987365,24.71048454610462,26.380312896451013,15.773741597684804,15.904528097244636,18.512482402400035,21.508770311695187,25.51910557118154,45.09894970743983,54.39944384351256,55.37286803557187,52.59952773784433,54.454080207294574,33.857108724738694,25.1303856879318
2026-03-28,19.239244585754253,9.793421515685178,6.754040719139515,11.636514933120212,11.976953905286921,15.283698613362487,18.083690346399326,13.174191725469036,25.947364272265908,19.637954652349464,21.375826439447735,22.02753030514178,19.50931715365185,20.41327715829209,16.802129395357692,21.441200823701436,20.350500616834353,42.525773945733995,50.74890943210203,76.04151441627658,69.39623393239094,64.05392496226446,31.81575251921606,25.164406723395867
2026-03-29,30.79672437712363,18.243753847194565,20.975057686452008,23.99235317686118,35.51560016358098,37.095810181016795,28.650160743760654,21.317776715229638,12.08806547513212,8.778875078971796,4.083149629079127,5.966148460100341,1.9446826910879047,5.143204683960674,5.633534741506038,10.127859086910176,9.646124957643709,36.296054626024095,54.63693432021791,68.06503320723348,66.0237170301354,59.8153092603156,27.994528928995642,18.853883570343143
2026-03-30,41.43632864006532,34.177598070420444,25.001567756119297,25.1380640501931,27.670044981889813,29.754684015285523,31.155077009070478,36.70178160778763,52.91109565460149,45.31633793012998,44.339799923129,45.18936825986283,34.64749868175247,37.898206784957885,39.594550586928605,40.928970020296134,43.300601010491825,58.28368636598117,74.13337697562754,77.39455503453823,77.34952792081683,71.49726924282012,52.14748189569336,37.2402434378931
2026-03-31,29.74874481515861,26.769422797237898,21.624318853047317,17.54252599779243,20.52216788598721,22.073725800302196,23.773202732121312,22.087604744367177,36.779694648875534,36.40032244231074,28.218569113943026,28.5763480437517,16.385504473192828,21.240734772558284,25.7332919550392,21.80121757994047,30.23058344283481,55.928409100189086,63.0419143779417,69.07689512661582,70.11235128599057,66.88744638729233,44.78207093876512,34.91492417334165
2026-04-01,35.232213565950325,25.100783559650804,21.747145213690494,20.79959815933121,19.039866236091367,22.159732982248123,25.362185307029865,25.16835852490583,32.99272275872369,25.915181693322488,19.221341689670922,19.593837351561763,10.586493190478569,18.02777946399893,19.448673951184926,19.019145108308802,23.501922362558364,49.7841407897593,54.959061727917934,61.25749750156553,60.3330675090763,57.51457764059481,27.46315434714488,21.50687192478676
2026-04-02,13.508302288557056,7.406275166143491,5.6543181536495855,5.638042613979976,7.421808642644764,10.89104700387141,11.386433052887885,5.824867977056775,13.190540853242034,23.31109092893885,16.068175991795826,11.611397414298438,3.859367970873551,6.159639383800172,7.691498457271898,12.46154263285343,14.134770750930247,38.00300257564898,53.65280796268661,57.47164026822574,57.89609664667533,52.09568026165608,30.04487041106633,16.172408343384326
2026-04-03,17.52399032992089,10.763607270916204,10.45801023624441,8.861610969085872,9.240730783189719,11.183158762171667,10.347349900634516,10.683985550463163,17.290162784312184,19.48872860205496,16.449820452918264,17.46142068801169,13.990539683165663,14.344492304552476,16.77783987217715,16.36355574628132,16.860996026507884,37.481965984660015,38.99746606289216,54.248861293528684,51.814289373643675,46.37352547690517,23.065867701518933,21.91853961502217
2026-04-04,18.334237945330752,15.572808921749965,18.071319211978594,21.59540896821507,21.274821062657082,22.255763926271296,23.19878665807253,15.24622858920435,13.236942225420735,17.900480888423086,17.23721794718076,17.41945266836704,16.159144220103613,16.95238733822015,16.72725681648331,18.20066001901071,20.20780929386159,43.563682164656896,52.01878998293413,64.3902775284554,64.47449006579431,53.38338170384497,31.647898600273177,24.71652932377576
2026-04-05,29.60728276127088,19.960341941683964,9.938411611643374,7.929308172719138,7.423376565618342,8.80693521734298,9.35967241220817,6.0979573647312035,0.8100181065770018,-0.9123850667330451,-0.4332138738488067,-0.9627754918365926,-0.4133140019523849,0.30759796618602137,-0.4171724797433127,0.0783639645138168,2.561078987288418,28.147169345639885,69.9862306978984,83.48813252016302,83.81649095348705,69.82405554403219,26.852946307428503,15.756283079749315
2026-04-06,28.91993741189526,25.266530262467175,17.534544081833896,13.520762465502608,13.094984697911874,18.14615952084595,24.988762265829575,29.850666866166147,56.74032919781919,41.557691976795844,25.986059738072466,25.63369410873609,13.976745969240335,19.24005716576695,22.582621596351782,25.88918852859965,27.217151999807776,60.10735043850842,69.62899910343819,81.63728552043729,81.43209890539498,75.94219846612448,47.18356015850877,38.77104691915204
2026-04-07,36.32996508818944,28.367226763908405,26.509785547679467,25.795507114689066,26.42050717247339,29.34750926500391,26.026264895110838,23.98812554215828,21.737851622385932,19.8338411120474,16.305312074344435,11.609719192619721,10.107933541184455,11.321903818913293,15.894521794829346,16.95388344823528,19.561765053951447,51.2415204497771,67.20546345530127,87.57588852734438,87.11294846910094,77.44947697705054,46.31117436881345,31.930306857132546
2026-04-08,22.965608225382518,17.409414492949285,14.854595674416602,9.915745650982304,8.841795547186207,10.876764345765606,9.8738329109731,7.601518092683499,12.097183861363433,9.251620434121435,8.460922350959331,10.610958964231024,7.699854733670292,6.140845657350692,7.517870661183789,8.65518079231112,11.542605267194354,39.67433137292852,51.70708239642165,80.46747883860907,82.29544450036353,77.52237055950447,28.74210067855993,19.701578323007094
2026-04-09,19.243880520805284,17.44295426354747,16.457512408627107,17.561189123166592,20.071649836703898,21.783267768923135,22.487310493172064,20.4346794743563,17.884071267441698,14.973702602541595,8.737489369760077,13.197368508923573,11.293766551993482,11.90032021683032,11.70668972504947,14.090970312977465,16.037710389854336,43.99290239593495,51.55444482408194,72.50876195393141,72.64463344422587,71.44210175866813,32.729188258875766,21.799498612696695
2026-04-10,15.633627651339793,20.42350055882261,16.20532273460776,11.247446249009354,16.41047254079635,17.48013840086882,24.05965728893036,14.129332283899277,20.260286374925133,17.65112924152807,16.988249620447906,16.000002119245842,12.658212473683273,13.815855282590578,16.13732009919284,16.27569352263426,18.921096557673653,58.27204097613113,73.78490094014265,85.71549121001597,84.96601377094119,86.31956906297282,44.211222587098746,36.399013671680805
2026-04-11,31.88466141294433,17.676965539171196,16.817266837271962,15.023876890656986,15.565483512191006,21.259657347907112,17.647099117184307,12.370485869579626,57.66732747664078,28.527699962955914,20.225350044283182,18.422255042547334,15.218317319684356,17.936894868321335,20.280283674170107,19.43656380022892,26.520886174195176,52.379924316639084,79.3890774882689,98.16534316342494,98.40582234725956,82.1706372117538,50.16038700667062,31.31151689760638
2026-04-12,38.68254860471149,22.91853948978291,21.46992228535239,16.053829070746815,20.409875626906974,19.277288191719506,16.89253406987071,9.113689142283288,8.031902244268888,5.041242571948918,5.163022531075309,4.904939777374781,5.413305484337898,5.4316797765480285,4.600126055916746,5.206466486260199,6.032592805162761,34.15843949236177,57.25403091993907,90.20307587645928,89.07415355427256,81.92569637004806,43.07170647892133,57.353095330088124
2026-04-13,28.860327200960583,20.401195103173634,16.232061505798335,12.182444307798288,10.74836854377576,18.465981497866398,19.824260485448796,20.337811702984368,37.071454365643355,25.018615277395938,15.863268299075116,16.83953601832679,10.803976023935789,13.420342065409544,23.130906766925094,17.34765618113546,16.494672455244636,58.18929324216443,73.22632895313997,93.73787390220399,99.47995219415996,91.35704509222587,75.61560506713668,53.38721833727492
2026-04-14,30.831378505636582,24.356367858913668,20.21874015280516,18.00763533760046,16.809690065567192,19.803604758290604,24.826818790362967,14.230415698536829,17.98444240314521,7.7731713050736895,5.345101842475991,5.600418273757473,0.6512405852654174,3.2533561624829934,5.032940838108366,4.354551444756324,7.396185372339994,40.442810548252695,72.07583366932107,106.17392404300077,107.12862420196656,103.25226894732191,78.01129696017912,46.39459175050475
2026-04-15,44.74377250005986,27.330411703458086,22.708203373034774,20.159626004255735,18.145556456171693,20.522996334291445,19.327891044507385,24.716223697941732,18.144650877024752,7.817326583383416,6.902813839650434,5.629141843645187,5.566421966727683,6.239756611278395,8.70123616590526,7.3684245679301785,8.347096274548418,43.69278147178067,59.60314578200917,86.44331448367423,86.32172295646501,88.7756945506726,56.788050172515675,44.99547400617552
2026-04-16,27.422231295180456,21.829973049826247,17.92963730272662,17.881521006967244,23.428634914141373,26.89817308272503,27.030998130143214,19.882844117623254,29.44972024072286,20.820257898429976,12.825346718194133,11.65659212954253,5.771016476627361,6.724588582263451,11.2107608513374,11.813412771520206,17.815798768476697,63.23008748587849,73.39807793470929,89.21655708925786,87.03232629049867,82.85365016430342,64.00785030070236,43.82862792686229
2026-04-17,28.608472561266773,11.9535934751011,12.12154217424111,8.754537420082672,12.484709715348803,13.380421925762708,10.071250320379109,12.288834384487167,50.88688923985292,17.431869622550145,5.161975684306066,7.559784929452999,5.397828169606998,6.137282964483513,8.376527274795835,4.9696145796896465,7.511359511216578,43.203272369143065,47.929766824430935,79.42185152308659,77.2656293783016,75.8899037110411,35.164572505423614,16.821691576934672
2026-04-18,17.04135913503599,12.312286779666609,10.46561483544513,9.803933139805675,9.815273967944798,9.797675617884607,9.506275388295691,3.057380762940893,6.671678991264805,4.582741316780209,6.1253762489546935,6.118718447464257,7.164416949361317,5.784309847691696,6.350979302080717,5.236725091036917,3.9353729616564133,30.995007671685666,38.52328617675124,55.10954433987422,59.40316963910835,54.56112397765991,20.7337935967104,39.63806341973979
2026-04-19,14.647089627998902,5.717471377338901,4.737357539671161,5.342840345645826,5.9284043975998815,5.538679531075179,7.970889162382548,1.1434192129257206,1.5754136919854484,2.9308124585899784,4.266260103136846,2.4342289329556377,2.673202664293806,2.8823001640724653,3.3575832966318493,1.9574160674180752,4.009815820175639,24.886507799990476,30.70251218322212,55.91754801220283,71.7916578823278,52.552847207375954,14.22527152061303,11.281038913893886
2026-04-20,24.22329593450908,23.217644073632457,19.757667263072612,16.562904522225555,15.826288099947405,21.416140388612835,27.27754069175609,31.973241077120573,41.87778698974366,34.91262644240207,19.375501458984093,10.461244355555191,4.377745307599581,6.471384272647327,7.757931931138396,9.422241479640057,11.634424617826147,45.41086293544494,63.58188039210322,83.8866538529001,84.6079609674421,82.91311330179626,70.01314179823272,42.19644027322522
2026-04-21,35.59194751268589,17.085621145869005,18.891915563285913,19.418306182084173,15.81472270918253,18.348155177347508,15.269748815829352,14.189039964676603,13.882103091505652,9.336186408744574,8.05916645422273,5.389533855993785,3.3593562936736574,4.260603755569479,3.619594300917811,5.277282537005503,6.432853180945643,43.02192413482123,52.01613261919981,93.93981915747248,95.01396214516775,92.0087625677979,57.937123056552416,50.905543720397496
2026-04-22,25.447068786869373,21.2931967502638,14.128769948377284,7.817368427667216,5.8392651101878075,7.866190257311211,10.291152045295508,3.5510564375354763,14.200593990311598,5.700988958718131,3.6872590026997227,2.9902390331468385,3.790847803281937,5.580787701987209,7.237281791891171,6.390327476996149,7.362340879952228,41.48725023225101,43.66842489379447,81.27256183708467,100.29544518657752,73.42998208652675,53.52894458396225,26.716872761287565
2026-04-23,4.951551664580951,5.116119935050867,5.136421286596247,5.454504312305665,3.3324421977793492,6.340892437267024,4.785117699133105,-4.189905472143794,-1.6799511924821753,-1.0836140493537298,-1.3471049435316005,-0.5629755907398406,2.700497892198578,2.3628275588819325,-0.40714282061424356,0.6026963440586296,1.9076880830161296,26.81907428136155,37.91294277601032,74.95793952255927,78.01671164357288,58.43707022726075,22.205619021731334,7.887545821499908
2026-04-24,14.001918646668326,17.786574699549433,14.900105890666863,17.774615582438386,16.976693221246485,19.048226897807627,24.384723878540306,7.2359980661306205,5.54563522261152,9.048516793844128,8.334919384143841,8.30889766825176,7.614773056595707,8.581000041196331,10.216019855230275,11.111930850373767,11.541000281505982,31.288185794621462,36.81991172758767,51.35608898514332,70.26427253920222,47.2330363044981,20.64340602660815,13.383958910526593
2026-04-25,21.320942161713813,18.62262050206648,16.929219977447058,14.934730356411418,14.935316696573702,17.42163708860607,19.25936265192956,10.884542883575943,14.212202495688874,9.16822807078673,7.28692791440908,7.123757061934469,5.265508998317047,5.363216786541306,6.471718530980902,6.108885128973588,8.058575813876226,33.06349090214294,40.418174465610925,66.92836552955134,68.63813872458289,54.737161687797695,20.76677655397197,15.407960404991824
2026-04-26,12.7502779802377,12.649008156231226,10.519575264330426,6.72695884922383,6.3955085195964285,6.543259543230701,4.261477014017984,1.406598757628507,-0.9558929377236062,-1.4410912133061127,-1.4831746319904002,-0.9722636518518601,-1.3073279242952471,-1.5830130834134932,-1.6796828883797283,-1.567944707782517,-1.718220562886538,22.432906922761738,26.883828700496377,69.59865026643931,69.49317203507405,66.93017244020663,18.310620789420806,8.51072885253766
2026-04-27,14.826891331977443,19.701175930982227,17.08364923976937,17.565743049189603,15.82307840716732,5.702546497866499,6.4915301861664,0.6904361070629776,4.373363964855172,2.8341203738070173,2.334131176155871,2.9508263853157928,3.47447667381105,3.358373926628874,3.5785232375140508,2.985392008551352,3.6069184589104237,21.94152192039637,35.96631070248821,65.41279907785436,67.28578643333728,69.43752388447665,48.033857997593316,14.236147604612785
2026-04-28,5.211041556973634,4.739410013828478,7.535362225319915,7.158234175987241,11.142623179623937,15.655123229318528,16.342895791078885,13.891052340585212,7.514860647931022,2.687974031384483,1.4357771141101252,0.5841964269118043,0.9034835612815895,0.9775894084654888,1.6476206310512962,1.7117490311957921,1.357883619702002,17.455511339234743,19.21952283865379,53.297208421657686,61.98964096583752,42.104366609441534,5.908644489635388,5.414979972673964
2026-04-29,8.42150181197212,11.358319805958189,6.259368808144422,5.52342492364085,6.211311907266224,6.924439436377832,8.00961267952823,5.66782478072456,3.3890986734255524,2.2967597529284522,1.0315118458296075,1.0367951597348797,0.620037842461428,1.0014033970934308,1.0043190007964433,1.2573840463442418,1.624381497986495,24.433077584698452,23.039017230977784,42.71138029637546,61.58177289838472,51.81382025554715,20.599273870306284,14.365882999236918
2026-04-30,16.75397588893622,15.242147826032877,15.16781995851615,11.443074826697217,10.88391325446519,11.746071199499026,10.53467702602283,7.209544989977621,5.061874550196147,2.732456746423333,1.663083609528163,0.9814875412873918,1.020645682061935,0.9166975592057514,0.8694872299332678,0.9370058707873633,2.37476722720744,19.52109686793814,19.173391380934973,67.5396490030897,78.68068180893953,66.41512199624798,28.222836624408423,7.374273577330989
2026-05-01,6.1568410180103195,3.4149499283430638,3.541846153809967,2.8779223039966664,1.3258430517638864,1.0831497927140767,0.14240595768191885,-0.40192873095190335,-0.030155745840892485,-1.233697522899388,0.4593302681694561,0.7980273307404567,0.29569134739178476,0.5450018465517618,1.088745548724037,0.37664669389132,0.7663241060500261,11.42700219687331,11.74170447787361,33.67712674834348,41.73877702695939,33.66446234068041,4.998951942604592,1.526559988303205
2026-05-02,3.868419620949283,3.710723096151083,4.206399046581309,4.304860705141677,4.607970477157013,0.6942775346704335,-0.3507285171039242,-0.13812323045981084,2.1790305690944574,2.2871128096465076,3.184311369506545,3.351354762350613,2.5752161299523855,1.3252238067761577,1.5647530499954194,1.6858993642436932,1.4543973625686089,18.346965652618916,18.30965121091946,46.53737034031519,48.590531719590786,46.93034222742071,-1.303364908759395,0.8063503031438193
2026-05-03,3.634534440581541,3.84072841472331,2.7758021378427475,3.2914233630439464,1.9904708682094052,1.0431852277579108,0.5429285857165905,-0.5443936308835221,0.37828115880564783,0.22177242468580718,-0.062021719675121885,1.0355991615522298,0.7444296364147196,0.5868537960567971,0.27714043237496927,1.1878290695713198,0.8804787538963338,15.121842089732564,12.883183803207782,17.921985131604565,38.188634566133636,19.943896691745127,1.5311589685552585,1.2070525751704984
2026-05-04,4.970589109732763,4.546304408092472,4.018015245187323,2.3502355180786196,1.8467495266144769,3.1532599299164072,3.192666783302482,3.6111900852643997,18.80359082543946,15.103435115623403,9.949439204022354,9.40961543984998,5.051701912037726,9.842558840884513,8.91612989573603,9.640302900296568,9.24735120682702,32.018325269747145,35.58809491852729,45.19725612918316,67.16477996305525,53.68212618661647,30.750242068089715,12.444916460719902
2026-05-05,17.02461553790855,15.628290280338204,16.91386951745006,10.238966341208375,15.217365662067227,19.853614127816638,28.27848594043674,15.331122845970278,20.10822779317972,14.036999028611417,8.602814345982214,7.170399713988482,6.826852724999659,8.017516965014075,3.055963432278266,2.2640470372588872,4.78600770273071,33.47636974080345,48.92220531002311,71.64354860980521,73.5192271653732,71.00447369914963,72.60877458400988,36.45991956884349
2026-05-06,18.567265380004507,18.031378106387162,16.639466707271527,14.253571580514278,13.909548755149912,14.768250664723247,15.500003064810064,10.183317590017232,20.36799097635944,20.83199288556575,10.988913690041471,9.687611731101638,1.3669198347382028,2.4980722177847734,6.948079780000198,4.397198784844438,9.988156927830264,51.18131132969055,62.20078622260718,85.47466496530657,98.40493204489945,93.84100869283749,60.22849193190959,26.662806295409144
2026-05-07,12.274595816558858,10.172415287228453,10.6757214843629,9.189852654692203,8.689234017300892,6.974499217028857,8.832392701443638,10.826277692982101,17.885438886350133,20.890190461531553,20.29242521302789,27.93752279961075,13.645512023931094,22.757337395804527,26.0565624687838,19.65996373086299,16.72563840826607,31.68424294255617,37.59344430875377,78.15191410117554,85.06360330536727,82.84646467301793,46.16674098438184,29.191734329197523
2026-05-08,6.798035441229646,5.007589257284425,4.896942259610773,6.0674462346835565,3.405702453153407,3.910056292283348,3.792674547379642,7.66820781737038,17.403787569552108,15.563950666501807,14.08178843537896,13.3245291948678,9.010427714202313,12.454411175466028,7.233862148388031,7.352917854878439,18.66021896081252,42.41715349608058,45.043590206986906,78.99631739835094,84.96832803980465,82.00412982894376,36.03188371345272,18.774035116110802
2026-05-09,11.67751141343404,10.546886198825801,10.496619077682148,7.26461461565461,7.564698752793935,7.985382400435453,4.13371579463243,-0.4625485947552908,-1.5537170911336133,-1.4740493523610902,-1.8847126630266755,-1.5272356239764895,-2.4558006384656923,-0.9624209805343853,-0.22130753276428364,0.637153035535458,3.2300373626082055,12.721361066346182,15.931251660193082,46.781030175130695,61.73331888190025,62.544251561264176,14.396087185080106,11.014840304118614
2026-05-10,13.326864723915396,10.97115342183737,8.413837382727074,8.890435034009355,8.853645236814803,8.903995993470671,5.793740130722532,-0.4931848605158955,-2.109769780939737,-1.0426842665606064,-0.471059836260171,-2.136775743485864,-1.1655607465708921,-1.2782773995717913,0.07565004085443909,-0.8008127467666155,0.5772109777675819,13.992249516285634,17.12780168908216,39.348113345119586,64.93663546076945,56.729181497703195,10.970878996729974,4.87828970446157
2026-05-11,9.607957063595782,10.494679315094878,10.57710290697815,7.55393005122612,10.313011600161442,9.774916247263196,8.595584583637235,10.280405088597822,23.96203121141949,25.46416534971383,22.76877697076878,19.271704104891402,12.505413346465033,14.221925520735955,13.304305878603456,7.74117908849896,14.02767127973487,43.92079085848782,54.524285145725564,73.85522668807484,86.74251545550587,86.18300103920278,73.10176603043885,16.895081930723567
2026-05-12,12.152349238187863,14.716529627851552,7.697363017071594,6.6402730032035455,6.516040677842105,6.850376484420235,8.183259599615681,8.543322666867464,8.408867482505995,9.111774548661982,-0.2060318751328227,-0.47235484245978726,-1.6723926619325085,-1.9441786320040852,-0.5720755037357564,1.3851632214008476,0.5645345575168785,17.854689283978878,32.402766347041926,50.41531251477076,66.41825199741363,70.65485521172387,16.99087121024058,6.691538397421245
2026-05-13,5.858555779888846,5.7351791342482,4.891504294958038,3.757418647008551,3.784448888985957,4.1631045028482285,2.0071069142084776,0.9074955015923383,1.42164826729679,1.156719194750004,1.6824808085673815,2.3335674587740196,1.0707975620842465,0.9923890797801105,3.1106815396929433,3.3297564947624982,3.0112939498708826,5.835689319080797,6.430328822278249,27.44166112241538,39.86535563571839,32.20120711067006,31.12709393520148,10.014588279868255
2026-05-14,6.628136279409617,9.543322016454987,5.79186355982333,4.608570975722788,5.607073717308541,4.1722815447242185,3.8690803204531994,3.1772485271200517,3.9947826053534956,3.980218478291015,1.267595440163271,0.8309214815592926,1.2475632839458404,1.282622737933866,2.2395951065498845,2.0865790774316326,3.54713052146776,16.456718246094077,15.923988601851292,70.58371193144359,82.38602697100931,78.84986070011526,31.143691364778537,15.08327480801773
2026-05-15,14.540637644588134,13.356527695367836,9.666781837632252,6.845512969765708,6.226535324739537,5.769218694231563,8.368985709105656,7.514899967428979,6.447787696588471,3.6631393636961906,0.6786855349944493,1.126551794858389,-0.09553623379483597,0.18272139478529484,4.686061786000322,3.9048461901781795,4.469839235864031,23.4739275328781,38.48723038791369,51.85502073626143,80.18034970313106,78.92011657073544,55.755838665633675,27.1563460431221
2026-05-16,13.155263850873055,10.022948951288068,8.827069511487716,8.786647771263274,8.096836005141268,7.120406934101677,7.064380287545281,4.586453937815969,4.619559145486595,4.899848724991554,1.7800957087748341,0.5585178706814276,-2.192970030889246,-2.395432277875851,-1.0773447301249852,-1.5552726730792528,-0.7162668146458673,7.46972290538067,14.235649292173797,54.2369444522028,74.73562196958476,74.10003405510653,67.91765548842586,11.325027582819493
2026-05-17,3.9118632266297437,3.4586708049247994,4.792410608714983,3.27430866241637,3.3969465815965973,2.7778099248060606,1.5700882170511345,-1.374015622452736,0.21397118129945247,0.44802025060734474,0.41097009053563077,0.5148549290929194,0.28273061363706636,0.26536624715223794,0.1098201741192248,0.4751415301415089,0.7029861364439498,13.73751550188807,5.42707635286603,16.534813565342898,39.92780363463405,40.44673455539456,9.691139901340831,8.927404248532442
2026-05-18,7.356028735644209,9.083689333940965,8.633338595420346,6.955024769603505,7.189432947574894,6.526057700675466,5.204515295258464,9.253870172761316,25.783287543822002,18.94903688927838,9.811529604730433,9.411542798135455,3.782375502678546,5.873585424414682,4.089564682192518,4.5298388692771505,8.828889934931349,29.5586542746541,41.00832517965947,67.4632337736146,79.01781875343478,76.4039070679079,27.290532933375086,11.506905055674032
2026-05-19,13.53369287266918,7.078119891685229,4.704988475721,2.447019531082501,3.3407573030457285,3.120505827642267,7.5047522240438465,6.044354416899141,-3.5890097656463844,-0.06301080164446654,-2.275467128542718,-0.35267598461971505,-10.577755431732948,-10.733607309888416,-7.885380211053038,-4.494634642353839,-1.9142627130835073,28.218525491177992,40.52923743923148,74.96685601986248,77.87182700130421,77.02052587550897,39.75811685646084,32.55261869473333
2026-05-20,13.135981118615625,12.007879945294631,4.778296522256403,8.243387722356783,8.700767669508114,3.99243339764024,2.689354468955463,0.11426660431113655,2.43593786771738,1.295246689624915,1.4531272673854168,0.4527639832908692,0.6709526441669341,1.8851537500451445,1.5109594024434938,2.4288632857836943,3.85507900157688,26.153182091083796,18.106304658775706,74.47258724163946,88.19631895119666,89.71698654178675,47.70695666651722,27.52673490815807
2026-05-21,10.96065197501776,7.930100960805155,8.709898485454131,7.273336387819167,8.36853191693289,7.521402386472705,8.216698355842404,3.901922748660239,7.023431473723324,4.461806994474042,4.644742153479269,3.6253015806755267,1.824835424113875,4.2546513463751525,4.610588536312861,4.3786066318653925,7.815674895388208,16.176693813826667,18.547433674701033,48.78753232802427,92.88362359937148,92.93760094012306,67.55304246520319,33.12500027292219
2026-05-22,13.00857862293853,11.336204684462308,10.7662890969637,10.019325404857387,10.769455344764781,8.274276284452393,6.444196196063554,6.772864829955537,8.773073751248706,5.747456522260622,4.320651520861612,3.3672712361823156,1.0332278086515638,2.459816562478802,3.563050148388547,2.597724138082621,3.6076346374188266,39.1576717857997,59.20547149454073,83.77339695801032,87.58090971380865,90.35708378876133,66.8780038625207,34.31457831192489
2026-05-23,18.88885250629662,6.815193175131784,4.297802423836706,6.106662324334332,5.922334997718523,6.978811111982361,4.584625503419043,1.3396431611492663,0.8515673241518287,0.5883754648262085,0.32152937390721076,0.656540278882788,1.2396364529021098,0.989293620916125,-0.4375682209615623,0.13747070157298885,-0.7835188589099261,28.678296491866522,28.71971897427088,57.65437225970726,78.12734376883401,68.41341197348706,44.65254804498749,19.307017061581853
2026-05-24,15.163608248618058,4.03756903854227,2.3048887340678554,2.4635428917925126,2.2923172016820237,3.5112482803672633,1.7413056382260335,0.254699224427271,-0.06677252593026967,0.23217963472380054,0.43174869501562246,0.38162443322669626,0.26987663958382796,0.10506153849997661,0.3426469573307914,-0.014065335157933616,-0.09599863280482998,15.07977324790423,13.334345699853122,9.541355627643647,49.508379197421384,33.15564001825181,1.8405848286194622,2.6408277755083436
2026-05-25,2.951434648544838,3.4931908616187606,1.502755282964554,2.7750365396305345,3.49211604132851,2.153739121895636,0.7184082662271153,1.0268532854933503,3.791820389404073,2.490394778043065,2.4263575581972336,2.2703272424433494,0.3002255840144219,0.8108672468438146,2.3767501689989325,1.9539277279164895,2.1771934301935296,19.937021659873146,37.79277576385336,68.55859281916815,81.23335352484312,74.93793187360227,40.68549233410011,17.10039139038946
2026-05-26,2.5762271602452818,3.09283335204218,1.0584544536119174,1.968727704742758,1.9518177227920848,0.8763914150569956,0.11085378967919252,-0.3132139110785386,-0.23733455357891947,-1.3599395095455973,-3.0385061427935316,-1.7088533663137033,-0.2625251943259386,-0.2584754356590703,-0.9385975746399045,-1.0600143222018088,-0.85824739766798,9.35777990690728,9.902446149503769,14.612759521742818,46.30579355465394,38.30140323406299,5.731536018441151,3.0454303999919974
2026-05-27,3.7308386297884018,3.540612047105406,3.9642465745094335,2.3922564309885446,2.040730413527669,3.025521367110004,1.2120970441492012,0.8536639646268317,1.0587882114677662,2.2024085793418124,0.9690855602933953,1.0245434200655055,0.7650438213231896,0.7091882129252033,1.0497317869319647,0.6694993799141847,1.2531851801796718,11.188704647196616,21.723523894756127,41.832050407913606,48.83605273601784,49.477791172386524,11.497203400546107,5.4759877224547555
2026-05-28,3.0269081133991134,-0.06901920290009038,0.829806468275899,1.3758631159947998,-2.145812375468642,-3.2741951187615452,-1.5270786544381099,0.6636183024522752,1.165275670801948,0.8924752329745335,0.5690492575536098,0.2893144275083763,0.06849149729351091,0.014480338686701701,0.2340352227492624,-0.2008192857769339,0.3485774274150733,24.23627195304247,30.016641755147333,37.628888860587665,39.10055626275215,39.670311290885415,34.48969252173596,13.76930635865339
2026-05-29,7.077983868674145,4.608059383663964,3.4891988790855732,4.341651695267717,4.248923591996274,2.7793920897433804,0.9489301153284686,0.43561053201378114,0.8795534966895137,0.1607438404194295,-0.0432972679304917,-0.05772796442528478,0.2226388098188517,0.20910638686314809,0.1820428687640082,0.20383644467185436,0.448986428552584,9.881446254996385,9.568951191043181,18.110746598705802,18.8671617543429,23.98564728025432,34.176150650481375,5.45673450105297
2026-05-30,-0.2118522489576424,2.5082553462634403,1.707755434215821,2.316052829844845,2.065696353848216,1.4664619564311543,1.10346323769588,0.8869779709190289,0.5999518818537579,-0.035646742756050245,-0.02442909658175979,0.1983888785374306,0.20248919435312146,0.160572624510089,-0.07262942785711618,-0.06743458760568667,0.19460299556909247,14.917460773484365,12.130609687539271,15.793373818843657,18.188295681868407,27.500874456089687,1.403466124661665,1.7917077993407957
2026-05-31,7.0661191572675985,5.534171875347116,5.353480857902274,6.947227023203545,4.5730259672011915,3.7359927081273128,2.982751392231566,-0.048821069643646436,0.1208593026661592,0.002087145064205757,-0.09683806508487561,-0.09683806508487561,-0.1056142477310116,-0.11624231531020288,-0.03532262950065539,0.002597669116673522,-0.33279456846933303,16.778542546345218,14.485452683376947,11.697152965865106,6.94881321733963,4.0217563822576805,7.201120119822768,7.140260660480991
2026-06-01,9.064706644069798,6.800682841223954,6.586446597112647,7.958227709729743,7.225651055207263,9.216321910140689,6.168712008072658,0.025330708565630494,4.0250786863423835,0.7231332493768855,0.4628806440980586,0.47496061089610564,0.44522056361324724,0.23471059310430464,0.00914600578206257,0.12620593262760268,1.4611921015169256,26.550957490909987,28.662280762529864,49.507819872191575,75.52897647970458,77.63289459213432,70.38212655945026,22.125525865541086
2026-06-02,8.7224059192358,6.676655785787643,6.458083298992082,6.953080376498288,6.004360154737008,5.5679240392036915,2.7320380383284397,0.1545037198958828,1.5868436901975562,1.168726499949141,0.9499125094848466,1.6432349083113253,0.7542043382218023,1.461845184723442,1.5242265195509586,2.9240393200887964,2.0806872401983973,28.424916066913973,56.82932736224321,63.233045074146325,83.37682018713787,85.25614987050416,77.91563436075286,70.88368525773255
2026-06-03,28.804954014056673,18.30939183934487,25.211260608666286,38.38767076496869,61.89707402765445,24.387835026683906,9.655991146657405,7.065418705436875,4.791097923184964,3.769409633519275,3.59527567097097,2.910667498737763,2.1255159017107084,2.7840442960931933,4.418126112585998,4.183044708542672,7.495293861342823,12.403758440580434,32.45850816324402,60.64141782184025,82.54116752968623,79.68507488052681,68.09573648314796,26.399358754227176
2026-06-04,18.95512382038656,9.31580144174001,7.71824910373135,8.581813691517334,9.611720968343459,6.335402402145838,1.9479190536497786,2.8099312263793257,2.991995424528109,1.3358386114272955,0.7882838827052998,0.9482957177356699,0.16463207115773618,0.780087946639711,2.05616075169616,2.090602723217357,3.1706531488200014,13.253065350813836,23.01025352267389,49.7696123376887,81.31122459620553,80.97894532764012,48.10568284413893,22.460677458057898
2026-06-05,25.495294584099227,13.755383858797268,11.765143466122074,13.378594760988218,13.312551652250672,12.964118070289807,8.108555606153589,6.145417623762361,7.061974525926727,4.446484738099901,3.6604638140097663,3.877544851571967,2.469177731192304,4.102459826325401,6.564244390145301,6.5830657527560845,6.636892694110596,22.640423585396555,45.9776255041818,75.56408745560603,88.94019658069135,87.92495389738117,63.658004925619366,26.595788953521893
2026-06-06,43.611433054210856,26.470804662397143,16.564942014794102,15.442698873044078,25.383540353825484,21.223407495854048,10.464033475103097,8.173063128479567,10.292959748205151,9.412886818317498,8.41842782694109,8.345801764750274,5.7185516268764465,8.753843023087452,10.003590261309748,10.20798278534091,12.272061168760466,40.20520248359142,39.917039853116556,77.43226916315086,88.51027733196234,82.28108659403283,43.9835571841328,31.00038953152452
2026-06-07,66.32709334657152,27.75479703928061,11.319070582171618,21.985453694658165,27.29873672692344,17.339897589355804,10.104499306851334,5.600319328376135,3.8576817343214547,0.4744068181243286,0.06163242977377851,0.3235954065621599,0.19004606788008385,0.01765819462713229,-0.0753531023968795,2.8857688333044194,3.225214546109577,11.1446089481741,10.272585177981876,30.328144513227354,73.57931989290418,61.263484293645405,49.8906694464183,18.958837699679982
2026-06-08,14.04991603691086,3.2896131711963745,3.5611245126775155,4.271113074626983,4.529490109674194,4.270166926114811,0.7776853811544231,2.011781928153999,3.0549530692649074,3.0039144591029787,2.094900068085989,1.5001923134050184,0.8158033802585568,0.857381061752242,0.7966160625104386,2.3180867730164607,1.9625462353927308,19.572496534594034,37.67185309110178,52.634839063467226,54.57530701338509,53.062557758346294,53.44307700805772,41.47814993938075
2026-06-09,13.590593582363663,12.912059760607342,19.066427556446396,28.353908185966283,43.26404233312214,18.017979124937632,4.061908183022334,4.1784826426798585,6.113628764305138,4.362238808613398,2.262742164781152,2.2060867048686665,2.2366937749029447,2.4523781885321663,4.596807994885018,3.9328362044388503,4.6887399603722075,19.897676243713953,32.8392244670947,49.795928765293624,81.05958112065747,70.95614524476127,56.397228585325784,32.671191871801256
2026-06-10,37.88483785157509,20.73158922862208,17.02049313571297,17.94046458525035,18.729460920244996,11.025728293499382,4.681112265396594,3.5063675874497275,6.77156809379186,8.534521449407645,6.255472048547209,5.6367598977022295,4.414034101446853,5.756329269171669,9.390249099774195,7.974344582845902,12.296922068595087,54.94056867036304,57.91567639575704,71.39587786116722,89.72258375771274,88.31449976948045,75.15781960156079,37.495153435323864
2026-06-11,55.77011718826731,37.736357199832604,29.877946563693918,29.811649329468143,33.56285627266885,28.07888663254368,16.760132667437247,14.222545739400932,26.65344058323765,17.17028255977607,13.684017463784082,13.47038848319478,11.270476197300065,13.616417913549315,20.517611305944957,33.50409095289885,44.127396494604156,76.66831372216527,79.21969375809394,81.75230562473624,87.9783489961981,90.70720965158603,79.76392373813893,56.68802269510847
2026-06-12,63.98079793952363,37.83449378153357,26.26878183020736,41.646898301328996,43.24031861216816,27.035807535051177,11.290108169846675,8.929730615964042,13.60596581350468,12.178219121877431,8.467832483947216,9.269372061174046,4.778960811160777,8.877438475954962,13.829729877352905,11.289165168862429,22.4356450849712,66.42298660078043,67.47832389162517,80.83267344665028,82.28865404016709,85.20296624034985,64.95524387023595,56.36576924798312
2026-06-13,58.61397466827077,31.892720530544274,19.35145085156407,25.42836655931248,25.535259603165024,14.076442883499498,8.026969752514256,2.3674032914322027,4.172578605862511,4.352934307537734,3.5233633892983987,3.89422769135181,2.9218018313862157,2.1396093831750145,6.100846208304432,5.857856310778155,8.848319144916884,19.355189386624012,24.37233903765594,64.21049919677138,77.36567596110605,71.33940438917546,36.17242153288623,14.334931383855798
2026-06-14,24.5962448708044,17.210150759053683,14.328477871633664,18.098394610550724,15.082937236361284,11.957145160955475,6.937280991679128,0.7975518948876558,-0.3726187667411928,-0.18807885826238055,-0.2676175138936269,-0.3967831194643234,-1.0390326395832497,-0.413095378215987,-0.002398389282501378,1.8801553339275388,2.3734114885888578,16.120231611495964,19.081861720929698,29.2143141320081,61.23995760380856,60.00140506455567,27.721719609436715,19.577303485000876
2026-06-15,24.512020189182113,21.295307708803264,9.623389945725076,10.15981372746859,15.583116972909318,15.295595655304375,10.651034919514398,9.002252753701063,14.132382069785189,4.923597944769766,3.468590965484424,4.33305254550804,2.5983209149599023,2.6348596351892275,5.695506504923514,9.001707753931305,14.843258072866456,37.730904589224636,45.478115943414146,66.64004508153035,83.86991057975101,80.96679290402346,53.50046015849798,42.18552373346038
2026-06-16,35.35106670194539,16.713960544991018,14.620585354534875,28.586803370835863,28.278546653627206,25.42225705553599,12.309398178347278,9.508296398366976,11.840254040506322,10.805287966839026,10.03599155432215,9.67689770415193,8.640668483003223,7.950992648311781,10.075111560676541,13.71485199587512,14.511072781408545,39.185741939554156,50.948819758416626,71.63054395379244,84.26884258050967,82.21199983747023,76.58097518140507,51.04631446612514
2026-06-17,60.430142133872124,30.788893290767685,19.81202751883377,27.921962236023752,28.962138165071327,23.727966981264093,13.631730966107213,4.547536685278687,11.045096896689648,7.605411081880556,5.5981890491318005,5.921105601787948,2.6274373588699835,5.282164600856977,7.952548875616574,23.280036598316595,24.832548896424647,55.7055100262992,62.7646203540058,76.61044910905785,86.68343711013891,87.09237935153604,68.05070196625441,42.93615407180434
2026-06-18,39.21567241573028,17.743743504161948,11.889854736760128,21.549529767608018,24.391207847749378,13.758372197809548,7.103587743042615,3.47274826567614,10.901721378549015,8.321823144414855,7.55781226281876,7.810705726940091,5.390724931117538,7.055020492411275,10.466814012814446,11.339402069842,11.538427387187774,20.778115120253453,28.053578259652827,37.9134802623077,70.76650061284832,74.15243800280348,56.85604093246529,41.253190975094675
2026-06-19,22.46662064858042,17.11936129204666,14.270608260917342,16.938914443284215,15.971308149163727,6.5280896167155085,4.716845067202053,2.811911242684042,5.159019863813855,3.2722898773867244,3.5162856717121618,3.7352864646923893,3.0961274840550463,2.4451771797413593,4.3290132338162906,5.321170960419225,5.076935088909035,17.123068293968156,19.206913415152485,48.17442402117734,54.099827975503366,48.608273648328975,23.637602954109944,13.624271882341477
2026-06-20,21.97645022574564,9.614652785832037,8.391449033292313,9.310891267538516,9.772982544421403,11.16440469348228,4.931266349879191,2.3317824513707928,4.09776827398706,2.6739171803384014,2.8293843274355424,2.432954551337759,2.357799807473026,2.460153267547522,4.268157120174758,2.2634084113968624,2.6276445104581923,12.990534291697307,12.31418458705429,26.95921501327417,34.97239585263155,36.4039524108229,14.096404900676813,9.568411129981456
2026-06-21,14.531270480408036,7.085216425087264,8.884905818015007,6.95003307942396,7.369616676230189,6.843745498262157,5.204016477916403,1.414852441611255,-0.5946244310129787,-1.120665072037485,-1.1196535150099356,-0.7703536604111086,-0.3495693424275045,-0.7543533358658857,-1.323478227493518,-2.3602980222757113,-1.688491260040988,1.8054835149396458,5.54070050901717,16.410111620641256,30.61366774705621,31.023741216426853,12.159793464101302,6.408288674220433
2026-06-22,18.782880017667487,13.430574339258351,12.818074165398292,13.143078425842063,7.063890040571012,5.204689367940397,2.647977881661842,2.7612690680053986,5.2591384378655235,4.3661220515246475,4.719917824842626,4.578765822961896,3.2960465986825205,3.8021255027039738,3.8312221826377035,4.169544350156873,4.61674992587442,33.05198091451945,39.06339057621064,65.4264202901986,62.11100245313199,62.55494213542437,47.294975435770205,22.377347641435833
2026-06-23,29.174660703523987,16.725285368318957,10.880156996887388,10.966505145204305,15.676386452627964,14.769828702575094,11.50483844495027,4.075561486834876,6.246587905707955,5.638045798927417,4.7019830543024135,4.3726619238434665,3.9171324420881777,4.551406412690123,3.9734197559853963,6.480361084669959,7.501933096445333,37.1205770708767,44.556002968500856,65.12063800675969,80.2246156957813,81.09687978475115,59.819120177795355,40.83996976841006
2026-06-24,41.526885797923555,37.39500521120523,33.05670828949974,36.808804621732456,36.44423403014414,33.609645653245316,16.354370311015263,10.886275182568534,19.905918011560797,14.481121019377163,10.502935358506928,12.64273578559155,9.575647212461018,11.841951154850065,11.791222892030381,13.894744764509603,14.57406154589861,51.37206415897112,54.39991502926965,78.94668696349886,88.95839078175823,88.92580003797113,66.23681100227678,45.0288655643736
2026-06-25,59.53970278276609,51.916814755422095,48.17229271315467,47.1744828050576,47.926985393906705,43.37037065198049,39.3704852606223,26.020218076288675,41.69520049117015,22.160458912114752,12.595045748548165,8.282828732424498,7.003236992311194,8.3787001737956,11.709912337506712,15.66094583218001,16.376986496313567,60.61161094762737,75.79225849055146,81.76067541354386,86.42299274820262,87.84651316422351,62.92248264477011,77.88565646724712
2026-06-26,44.2097039734559,43.53406434093276,39.72358361623684,37.35855468678819,36.932049946789476,45.7502973251624,37.77181474729602,8.504735509927475,33.53754387271556,24.050423442780026,8.188312418273945,7.749912435646803,4.467343949435314,5.249369509996141,6.664324812087523,8.492253933973702,26.9511557171697,58.503600158489796,59.070503189466876,76.2759587222374,85.68767000341018,85.29256456064445,41.26573592639935,38.36171935959302
2026-06-27,38.75513271027694,29.65966444265262,31.40247577476766,28.87150930497727,32.78482561492072,24.437419108118824,16.089861512189504,6.197647275746511,15.121533864901036,8.577213106787088,5.018525451894932,5.9364902304481335,3.502482769997214,3.7214023193785586,8.933443896050472,10.516938137706882,11.051740081119604,16.342448037074107,25.722306024050354,67.37983218356975,69.62900731208568,70.83881854753949,42.802269898430154,31.257330131679083
2026-06-28,36.75782481713422,33.750662818871724,25.788890764043625,27.874932160307942,30.434759682224033,19.72362752699803,5.932048416326138,1.5656483535039574,0.9424073507420286,0.8911551002782266,1.3738382912275928,1.1852655272600505,1.0529312976733973,1.0901324668649328,0.12330886421671396,0.8998688252600837,1.3985405348235989,8.048494944526214,16.62847747464082,45.98996047597216,71.34596165518622,59.535654729830746,29.98609161791065,20.4482854848876
2026-06-29,29.831171973364135,26.98229554423883,30.426846555302404,31.006691739309204,33.654201984621835,33.95870419159095,19.92123771444892,13.65222979164563,18.598580473261013,15.188523222091924,8.427351643577467,7.836427396010454,6.8784072881797576,8.815681304286052,9.587223919534358,10.727777086414875,12.944644391847744,36.668070048974435,44.39270699888216,63.39704875029496,74.973873169376,73.11900248559093,44.32902827406909,43.97232322026544
2026-06-30,43.58509078737146,38.570716961844134,41.51683076721315,41.66512534098693,45.179054590718266,47.282522939040845,30.519304345817933,14.963661611567861,31.274759698399162,32.4376471041955,18.835158262598174,14.195734513550619,12.31254515839481,15.41283678987808,18.375702201324145,17.851795342969282,18.928908071181215,52.97531912488373,56.46836613251275,80.36222244558742,87.68151816351673,91.19330681346213,74.72591725470652,59.71785914654716
