candidate_id,source_type,start_date,end_date,auto_hint,ctx_mcp_usd_before,ctx_mcp_usd_during,ctx_mcp_usd_after,ctx_pct_change,ctx_cf_residual_usd,ctx_cf_at_cap_share,ctx_n_hours,top_news
1,A_tariff,2021-05-01,,BOTAŞ elektrik gaz tarifesi +12% → 1632 TL/1000m³,38.2,40.0,43.4,4.5,0.7,0.0,25,"[42577] 2021-05-01 Doğal gaz konutlarda yüzde 1, elektrik üretiminde yüzde 12 z | [42670] 2021-05-07 BOTAŞ Nisan’da MB'dan döviz almadı | [42357] 2021-04-16 Almanya’nın gaz ithalat fiyatı yüzde 18 arttı"
2,A_tariff,2021-06-01,,BOTAŞ elektrik gaz tarifesi +5% → 1713 TL/1000m³,43.4,44.9,47.5,3.5,-1.3,0.0,25,"[43026] 2021-06-01 Doğal gaz konutlarda yüzde 1, elektrik santrallerinde yüzde  | [43126] 2021-06-07 BOTAŞ Mayıs’ta MB'dan döviz almadı | [42896] 2021-05-24 Almanya'nın doğal gaz ithalat fiyatı ilk çeyrekte yüzde 12,5"
3,A_tariff,2021-07-01,,BOTAŞ elektrik gaz tarifesi +20% → 2056 TL/1000m³,46.8,65.9,60.1,40.9,13.6,0.76,25,[43481] 2021-07-01 Doğalgaz fiyatlarına yüzde 12-25 zam | [43591] 2021-07-07 Merkez Bankası Botaş’a döviz satışını yeniden başlattı | [43294] 2021-06-18 Almanya'nın doğal gaz ithalat fiyatı yüzde 58 arttı
4,B_pricemove,2021-07-01,2021-07-31,"MCP yükseliş, aylık +29%",46.8,60.3,65.7,28.9,4.8,0.43,745,[43475] 2021-06-30 Elektrik fiyatları tavan yaptı! | [44082] 2021-08-10 Spot elektrik piyasasında 6 Ağustos rekor günü oldu: Tüm gün | [43863] 2021-07-27 Spot elektrikte tavan fiyat 636 TL'ye yükseldi
5,A_tariff,2021-08-01,,BOTAŞ elektrik gaz tarifesi +0% → 2060 TL/1000m³,60.1,66.1,65.8,10.0,7.8,0.44,25,"[44030] 2021-08-06 BOTAŞ Temmuz’da MB'dan döviz almadı | [43943] 2021-07-31 Sıkıştırılmış doğalgaza zam, konut gazında artış yok | [43905] 2021-07-29 Botaş Hazar gazının tamamını rezerve etti"
6,A_tariff,2021-09-01,,BOTAŞ elektrik gaz tarifesi +15% → 2369 TL/1000m³,65.8,71.7,61.0,9.0,1.9,0.56,25,[44205] 2021-08-20 Gelecek üç yılın spot gaz ihalesi aynı gün | [44348] 2021-09-02 Sanayide ve santrallerde doğalgaz fiyatlarına %15 zam | [44194] 2021-08-20 Spot boru gazı ithalatında yeni dönem
7,A_tariff,2021-10-01,,BOTAŞ elektrik gaz tarifesi +15% → 2724 TL/1000m³,61.3,60.9,73.5,-0.7,-6.6,0.0,25,[44725] 2021-10-01 Doğalgaz fiyatı bu ay da zam gördü: Yüzde 15 | [44686] 2021-09-29 Elektrik ve doğalgazda 2 haneli artış beklentisi | [44520] 2021-09-17 Avrupa’da doğal gaz fiyatları rekor seviyelere çıktı
8,A_cap,2021-10-15,,AFL tavanı +50% → 1078 TL,64.0,68.5,81.7,7.0,5.3,0.0,25,[44932] 2021-10-15 Elektrik tavan fiyatı yüzde 48 arttı: 1078 TL/MWh | [44931] 2021-10-15 Spot elektrik tavan fiyatı yükseldi | [44992] 2021-10-19 EMO: Spot elektrik tavan fiyatı otomatik artacak
9,A_tariff,2021-11-01,,BOTAŞ elektrik gaz tarifesi +47% → 3999 TL/1000m³,73.5,81.8,80.2,11.3,1.1,0.2,25,[45165] 2021-11-01 Doğal gazdan elektrik üretimi yarı yarıya pahalandı | [45250] 2021-11-05 BOTAŞ Ekim’de MB'dan 258 milyon dolar döviz aldı | [45047] 2021-10-23 Kasım’da Türkgözü’nden gaz ithalatını Botaş yapacak
10,A_tariff,2021-12-01,,BOTAŞ elektrik gaz tarifesi +20% → 4800 TL/1000m³,80.3,80.1,74.7,-0.2,3.9,0.48,25,[45690] 2021-12-03 Doğalgaza konutlar hariç yüzde 20 zam! | [45581] 2021-11-25 Aralık’ta spot boru gazı için BOTAŞ ve Oil Refinery yarışaca | [45468] 2021-11-18 Almanya’nın gaz ithalat fiyatı yüzde 127 arttı
11,C_external,2021-12-15,,Kur şoku / KKM açıklaması,72.5,68.5,81.1,-5.4,0.6,0.04,25,"[45562] 2021-11-24 Benzin, motorin ve LPG otogaza beklenen zam geldi! | [45653] 2021-11-30 Negatif reel faizler güneş yatırımlarını nasıl etkiler? | [46007] 2021-12-22 2022 Petrol Piyasası katılma payı oranı ‰1"
12,A_cap,2022-01-01,,AFL tavanı +11% → 1345 TL,74.7,81.9,87.5,9.7,5.7,0.24,25,"[46181] 2022-01-01 Elektrik fiyatına 3 haneli zam | [46117] 2021-12-28 Spot elektrik tavan fiyatı Ocak’ta yüzde 135 arttı | [45964] 2021-12-21 EPİAŞ'ın 2022 gelir tavanı 259,8 milyon lira"
13,A_tariff,2022-01-01,,BOTAŞ elektrik gaz tarifesi +15% → 5520 TL/1000m³,74.7,81.9,87.5,9.7,5.7,0.24,25,[45954] 2021-12-20 Ocak spot boru gazı için BOTAŞ ve Bosphorus Gaz yarışacak | [46120] 2021-12-28 Spot boru gazı için BOTAŞ ve Bosphorus Gaz yarışacak | [46182] 2021-12-31 İşte yeni yılda zamlı doğalgaz fiyatları!
14,C_external,2022-01-18,2022-02-05,İran doğalgaz kesintisi,81.6,96.6,105.2,18.3,13.8,0.73,457,[46538] 2022-01-21 TEİAŞ elektrik kesintileri yapılacağını duyurdu | [46594] 2022-01-25 73 ilde doğal gaz tüketimi rekor kırdı | [46565] 2022-01-24 Sanayi üretimine üç gün elektrik molası
15,A_cap,2022-02-01,,AFL tavanı +13% → 1524 TL,87.4,111.4,103.8,27.4,17.1,0.96,25,[46533] 2022-01-21 Elektrik fiyatı tavana vurdu | [46875] 2022-02-10 YEKTOB hesaplama yöntemi güncellendi | [46689] 2022-01-31 Spot elektrik Şubat’a tavandan girdi
16,A_tariff,2022-02-01,,BOTAŞ elektrik gaz tarifesi +14% → 6300 TL/1000m³,87.4,111.4,103.8,27.4,17.1,0.96,25,[46702] 2022-02-01 Doğalgazdan elektrik üretme maliyeti arttı | [46592] 2022-01-25 Botaş ve Socar Şubat’ta spot gaz ithalatı için yarışacak | [46533] 2022-01-21 Elektrik fiyatı tavana vurdu
17,C_external,2022-02-24,2022-12-31,Rusya-Ukrayna savaşı (yörünge),102.6,156.7,182.4,52.7,7.8,0.19,7465,[50023] 2022-09-02 Gazprom’dan Avrupa’ya gaz akışını tamamen kesme kararı | [49978] 2022-09-01 Rusya Avrupa’ya gaz akışını kesti | [49548] 2022-08-05 Avrupa’nın gaz krizi yaptırımlarla büyüyor
18,A_cap,2022-03-01,,AFL tavanı +15% → 1745 TL,102.9,110.9,114.8,7.8,-9.2,0.32,25,[47105] 2022-02-24 Yük alma/atma talimatlarında santral korunacak | [46875] 2022-02-10 YEKTOB hesaplama yöntemi güncellendi | [47113] 2022-02-24 Spot elektrik tavan fiyatı Mart’ta yükseldi
19,A_tariff,2022-03-01,,BOTAŞ elektrik gaz tarifesi +18% → 7450 TL/1000m³,102.9,110.9,114.8,7.8,-9.2,0.32,25,[47184] 2022-03-01 Doğalgaz ile elektrik üretmek pahalandı | [47405] 2022-03-11 Alman konutlarında gaz fiyatı dörtte bir yükselecek | [47185] 2022-03-01 Elektrik üretim amaçlı doğalgaza zam
20,A_cap,2022-04-01,,AFL tavanı +43% → 2500 TL,114.8,120.8,121.1,5.2,-7.9,0.2,25,[47685] 2022-03-29 Elektrikte tavan fiyat devrede | [47689] 2022-03-30 Elektrik fiyatları desteklenecek | [47615] 2022-03-25 Spot piyasada elektrik fiyatı 4 gündür tavanda
21,A_tariff,2022-04-01,,BOTAŞ elektrik gaz tarifesi +44% → 10750 TL/1000m³,114.8,120.8,121.1,5.2,-7.9,0.2,25,[47405] 2022-03-11 Alman konutlarında gaz fiyatı dörtte bir yükselecek | [47636] 2022-03-26 Botaş’ın Nisan gaz ithalat miktarı belirlendi | [47444] 2022-03-14 Avrupa’da doğal gaz fiyatları düşüyor
22,C_external,2022-04-01,,AUF mekanizması + AFL artışı (1 Nisan 2022),114.8,120.8,121.1,5.2,-7.9,0.2,25,[47685] 2022-03-29 Elektrikte tavan fiyat devrede | [47689] 2022-03-30 Elektrik fiyatları desteklenecek | [47615] 2022-03-25 Spot piyasada elektrik fiyatı 4 gündür tavanda
23,A_cap,2022-05-19,,AFL tavanı +10% → 2750 TL,113.9,77.3,140.0,-32.1,5.3,0.0,25,[48414] 2022-05-19 Elektrik tavan fiyatı arttırıldı | [48558] 2022-05-30 Elektrikte tavan fiyat yükseldi | [48424] 2022-05-19 EPİAŞ katılımcıları spot elektrik tekliflerini güncelleyecek
24,A_cap,2022-06-01,,AFL tavanı +16% → 3200 TL,116.1,149.9,138.0,29.1,4.9,0.2,25,[48414] 2022-05-19 Elektrik tavan fiyatı arttırıldı | [48558] 2022-05-30 Elektrikte tavan fiyat yükseldi | [48424] 2022-05-19 EPİAŞ katılımcıları spot elektrik tekliflerini güncelleyecek
25,A_tariff,2022-06-01,,BOTAŞ elektrik gaz tarifesi +17% → 12525 TL/1000m³,116.1,149.9,138.0,29.1,4.9,0.2,25,[48625] 2022-06-02 İspanya’da doğal gaza büyük zam yolda | [48595] 2022-06-01 BOTAŞ doğalgaza zam yaptı | [48551] 2022-05-28 Botaş’ın Haziran gaz ithalat miktarı belirlendi
26,B_pricemove,2022-06-01,2022-06-30,"MCP yükseliş, aylık +22%",116.1,138.0,134.1,18.9,0.9,0.01,721,[49021] 2022-06-30 Elektrik tavan fiyatı 3750 TL | [48572] 2022-05-30 EMO: EPDK enflasyonu körüklüyor | [48870] 2022-06-19 Rüzgar 2021 enerji kurulumlarının yarısını oluşturuyor
27,A_cap,2022-07-01,,AFL tavanı +17% → 3750 TL,138.0,148.8,133.8,7.8,12.0,0.0,25,[49021] 2022-06-30 Elektrik tavan fiyatı 3750 TL | [48806] 2022-06-15 Lisanssız ödemelerine düzen getiriliyor | [49011] 2022-06-29 G7 Rusya’nın enerji gelirlerini azaltmayı hedefliyor
28,B_pricemove,2022-08-01,2022-09-30,"MCP yükseliş, aylık +27%/+24%",133.7,190.3,186.4,42.3,4.7,0.15,1465,[49459] 2022-07-31 Elektrik Ağustos’a ateşli girdi | [49461] 2022-08-01 Elektrik için kullanılan doğalgaza zam | [49427] 2022-07-29 Elektrik tavan fiyatı 4 bin TL
29,A_cap,2022-09-01,,AFL tavanı +20% → 4800 TL,169.8,197.1,211.9,16.1,-31.9,0.0,25,[49982] 2022-09-01 Spot elektrikte geciken avans için kısmi faiz affı | [50140] 2022-09-10 ABD’den Rus petrolü için kılavuz | [49974] 2022-09-01 Elektrik tavan fiyatı 4.800 TL
30,A_tariff,2022-09-01,,BOTAŞ elektrik gaz tarifesi +50% → 20625 TL/1000m³,169.8,197.1,211.9,16.1,-31.9,0.0,25,"[49768] 2022-08-17 Mazota zam benzine indirim | [49908] 2022-08-26 Botaş, Eylül’de 4 milyon 809 bin m3 spot gaz ithal edecek | [49863] 2022-08-23 Avrupa’da doğal gaz fiyatları geriliyor"
31,A_tariff,2022-11-01,,BOTAŞ elektrik gaz tarifesi +0% → 20625 TL/1000m³,185.7,175.9,185.9,-5.3,8.1,0.2,25,"[51066] 2022-11-01 Doğalgazda Kasım ayı tarifesi belirlendi | [50949] 2022-10-25 Botaş Kasım’da 4,8 milyon m3 spot boru gazı alacak | [51062] 2022-11-01 Eni CEO’su: Türk Hub’ı ile gaz fiyatı yükselir"
32,A_cap,2023-01-01,,AFL tavanı -12% → 4200 TL,199.7,161.4,183.7,-19.2,29.8,0.2,25,[51996] 2022-12-20 Avrupa doğal gaza fiyat sınırında anlaştı | [52136] 2022-12-28 Rusya’dan petrolde tavan fiyat misillemesi | [52071] 2022-12-24 Rusya’dan batılı şirketlere gaz fiyatı sınırlaması
33,A_tariff,2023-01-01,,BOTAŞ elektrik gaz tarifesi -13% → 18000 TL/1000m³,199.7,161.4,183.7,-19.2,29.8,0.2,25,"[52217] 2023-01-02 Botaş elektrik üretimi için Ocak gaz tarifesini yüzde 12,73  | [52308] 2023-01-06 Avrupa’da gaz fiyatları yükselmeye başladı | [52233] 2023-01-03 Avrupa’da doğal gaz fiyatı düştü"
34,A_cap,2023-02-01,,AFL tavanı -13% → 3650 TL,183.7,177.6,146.1,-3.3,9.1,0.32,25,"[52529] 2023-01-20 Hidroelektrik kaynak katkı payı hesabında AUF etkisi | [52468] 2023-01-18 EPDK'nin azami uzlaştırma uygulamasına yargı freni | [52429] 2023-01-15 Elektrik üreticisine ""azami uzlaştırma cezası"""
35,A_tariff,2023-02-01,,BOTAŞ elektrik gaz tarifesi -17% → 15000 TL/1000m³,183.7,177.6,146.1,-3.3,9.1,0.32,25,"[52626] 2023-01-27 Elektrik üretiminde doğal gaza yüzde 16,67 indirim | [52634] 2023-01-28 Bulgaristan’da gaz fiyatları yüzde 30 düşecek | [52616] 2023-01-26 Şubat’ta Botaş ve Socar spot boru gazı ithal edecek"
36,C_external,2023-02-06,2023-02-28,Kahramanmaraş depremi,178.7,146.2,112.0,-18.2,0.0,0.15,553,[52763] 2023-02-06 Üç il ve dokuz ilçeye doğalgaz akışı durdu | [52829] 2023-02-10 Felaket bölgesinde doğalgaz hatlarına LNG ve CNG izni | [52773] 2023-02-06 Akenerji tesislerinde faaliyet devam ediyor
37,A_cap,2023-03-01,,AFL tavanı -16% → 3050 TL,152.5,134.7,111.4,-11.7,8.6,0.08,25,[53075] 2023-03-01 Elektrik tavan fiyatı 3.050 TL | [53171] 2023-03-08 Almanya sanayi elektriğine üst sınır getiriyor | [52827] 2023-02-10 Deprem bölgesinde avans ödemeleri ertelendi
38,A_tariff,2023-03-01,,BOTAŞ elektrik gaz tarifesi -20% → 12000 TL/1000m³,152.5,134.7,111.4,-11.7,8.6,0.08,25,[53067] 2023-02-28 Doğalgaz fiyatında yüzde 26.12 indirim | [53003] 2023-02-23 Botaş ve Socar’ın Mart gaz ithalat miktarları belirlendi | [53170] 2023-03-08 Serbest gaz ithalatı için yasa teklifi
39,B_pricemove,2023-03-01,2023-03-31,"MCP düşüş, aylık -25%",152.5,112.2,91.8,-26.4,6.7,0.08,745,[53075] 2023-03-01 Elektrik tavan fiyatı 3.050 TL | [53499] 2023-03-31 Elektrik tavan fiyatı 2.600 TL | [53023] 2023-02-24 Rusya farkında olmadan enerji dönüşümünü hızlandırdı
40,A_cap,2023-04-01,,AFL tavanı -15% → 2600 TL,111.4,101.3,91.8,-9.0,23.6,0.16,25,[53483] 2023-03-30 Elektrikte azami uzlaştırma fiyat mekanizması uzatıldı | [53498] 2023-03-31 Doğalgaz ve kömür santrallerine üretim desteği | [53653] 2023-04-12 Çan 2 Termik’in yürütmeyi durdurma talebine red
41,A_tariff,2023-04-01,,BOTAŞ elektrik gaz tarifesi -17% → 10000 TL/1000m³,111.4,101.3,91.8,-9.0,23.6,0.16,25,[53500] 2023-03-31 Doğal gazda beklenen indirim geldi | [53490] 2023-03-31 EMO: Elektrik indirimi siyasi gösteriye dönüştürüldü | [53460] 2023-03-29 Elektrik ve doğal gaza indirim
42,B_pricemove,2023-06-01,2023-06-30,"MCP düşüş, aylık -28%",97.0,70.4,74.8,-27.5,4.9,0.02,721,[54712] 2023-07-04 EPDK: Elektrik PTF tavan fiyatının artışı faturaları arttırm | [54718] 2023-07-04 Okutur: Türkiye’de yenilenebilirin payı küresel ortalamayı g | [54382] 2023-06-05 Botaş’tan TürkAkım açıklaması
43,A_tariff,2023-10-01,,BOTAŞ elektrik gaz tarifesi +20% → 12000 TL/1000m³,74.6,63.6,81.6,-14.7,-15.7,0.0,25,[55873] 2023-09-30 Doğalgaz fiyatına yüzde 20 zam | [55874] 2023-09-30 Elektrik fiyatına zam | [55899] 2023-10-03 Serhat Doğalgaz’ın satış fiyatlarına zam
44,B_pricemove,2024-04-01,2024-04-30,"MCP düşüş, aylık -20%",68.8,54.7,63.6,-20.5,7.6,0.13,721,[58099] 2024-03-19 Çin’in kömür üretiminde bir ilk | [58408] 2024-04-17 Çin’in kömür üretimi yüzde 4 düştü | [58685] 2024-05-10 Haziran’da spot boru gazı ithalatı için başvurular başladı
45,A_cap,2024-07-01,,AFL tavanı +11% → 3000 TL,64.6,78.7,78.9,21.9,0.2,0.24,25,[59281] 2024-06-29 Elektrik tavan fiyatı 3.000 TL | [59201] 2024-06-22 Benzin ve mazotta zam beklentisi | [59278] 2024-06-28 Benzin ve motorine zam!
46,B_pricemove,2024-07-01,2024-07-31,"MCP yükseliş, aylık +22%",64.6,78.8,76.9,22.1,1.1,0.27,745,[59281] 2024-06-29 Elektrik tavan fiyatı 3.000 TL | [59184] 2024-06-20 Enerjiden kaynaklanan emisyonlarda bir ilk | [59181] 2024-06-20 Bayramda Türkiye güneşi gördü
47,A_cap,2025-04-05,,AFL tavanı +13% → 3400 TL,58.0,65.8,64.4,13.5,-5.1,0.08,25,[62872] 2025-04-05 Elektrik tavan fiyatı 3.400 TL | [63014] 2025-04-17 Rus petrolü Asya’ya akıyor | [62849] 2025-04-02 Benzine 50 TL’ye çıkmasın müdahalesi
48,A_tariff,2025-04-05,,BOTAŞ elektrik gaz tarifesi +24% → 14904 TL/1000m³,58.0,65.8,64.4,13.5,-5.1,0.08,25,[62869] 2025-04-04 Elektrik tarifelerine gecikmeli zam | [63022] 2025-04-18 BOTAŞ Kafkas gazı temininde öncelikli olacak | [62731] 2025-03-21 Nevşehir’in 2 ilçesine doğalgaz geliyor
49,C_external,2025-06-12,2025-06-26,ABD-İsrail-İran savaşı,57.3,63.6,71.1,11.0,4.4,0.08,361,[63794] 2025-06-23 Petrol 78 doları aştı | [63790] 2025-06-22 İran Meclisi'nden Hürmüz Boğazı kararı | [63723] 2025-06-17 Petrolde fiyat artışı sürüyor
50,B_pricemove,2025-07-01,2025-07-31,"MCP yükseliş, aylık +32%",56.0,74.0,72.7,32.1,-0.2,0.27,745,"[63879] 2025-06-30 Küresel enerji emisyonlarında rekor artış | [63869] 2025-06-28 Son 6 aylık YEKDEM maliyet öngörüsü 307,17 lira | [63760] 2025-06-19 Elektrik borsasına esnek tavan önerisi"
51,B_pricemove,2026-02-01,2026-05-31,"MCP düşüş, aylık -29%/-23%/-44%/-37%",67.3,29.2,27.0,-56.7,-4.3,0.04,2881,"[67710] 2026-04-08 Tavan çıktı, spot fiyat yükseldi | [68154] 2026-05-12 Yarın gündüz saatlerinde spot elektrik fiyatı sıfır TL | [67731] 2026-04-09 JES’ler için YEKDEM sonrası tavan fiyat talebi"
52,A_cap,2026-04-04,,AFL tavanı +32% → 4500 TL,34.2,27.8,19.1,-18.9,1.4,0.08,25,"[67633] 2026-04-02 Elektrik borsasında piyasa takas fiyatı tavanı yükseltildi | [67710] 2026-04-08 Tavan çıktı, spot fiyat yükseldi | [67399] 2026-03-16 Hırvatistan ve Macaristan'dan yakıtta tavan fiyat"
53,A_tariff,2026-04-04,,BOTAŞ elektrik gaz tarifesi +20% → 18000 TL/1000m³,34.2,27.8,19.1,-18.9,1.4,0.08,25,[67654] 2026-04-03 Doğalgaz ve elektrik zamlandı | [67671] 2026-04-05 Tuz Gölü ve Silivri depolama ücretleri arttı | [67556] 2026-03-27 Motorine zam kesinleşti
54,B_pricemove,2026-06-01,2026-07-31,"MCP yükseliş, aylık +106%/+114%",13.4,42.5,61.1,216.9,0.9,0.01,1465,[68154] 2026-05-12 Yarın gündüz saatlerinde spot elektrik fiyatı sıfır TL | [68553] 2026-06-17 HESİAD yeni katılımlarla büyüyor | [68399] 2026-06-05 Spot elektrik fiyatlarında düşüş
