target_ts,replay_pred,actual,live_pred,live_err,replay_err,replay_vs_live,day
2026-08-24 00:00:00+03:00,69.89560718913998,76.6,69.8334,-6.766599999999997,-6.704392810860014,0.06220718913998269,2026-08-24 00:00:00+03:00
2026-08-24 01:00:00+03:00,68.74999526499258,56.39,68.4825,12.092500000000001,12.359995264992577,0.2674952649925757,2026-08-24 00:00:00+03:00
2026-08-24 02:00:00+03:00,66.78859897198957,42.17,66.636,24.465999999999994,24.61859897198957,0.15259897198957617,2026-08-24 00:00:00+03:00
2026-08-24 03:00:00+03:00,66.43431143364289,41.77,65.8299,24.059899999999992,24.664311433642887,0.6044114336428947,2026-08-24 00:00:00+03:00
2026-08-24 04:00:00+03:00,65.41711039171689,42.17,65.3877,23.217699999999994,23.247110391716888,0.02941039171689397,2026-08-24 00:00:00+03:00
2026-08-24 05:00:00+03:00,68.60926684788699,47.31,69.3849,22.0749,21.299266847886983,-0.7756331521130164,2026-08-24 00:00:00+03:00
2026-08-24 06:00:00+03:00,72.39567915586694,42.17,73.0474,30.877399999999994,30.225679155866942,-0.6517208441330524,2026-08-24 00:00:00+03:00
2026-08-24 07:00:00+03:00,60.98125138751387,20.89,60.9335,40.0435,40.09125138751387,0.04775138751386976,2026-08-24 00:00:00+03:00
2026-08-24 08:00:00+03:00,73.59316559354592,60.57,72.7628,12.192799999999998,13.023165593545919,0.8303655935459204,2026-08-24 00:00:00+03:00
2026-08-24 09:00:00+03:00,64.57487573068256,50.13,63.8938,13.763799999999996,14.444875730682561,0.681075730682565,2026-08-24 00:00:00+03:00
2026-08-24 10:00:00+03:00,40.24069622032351,42.27,39.4016,-2.868400000000001,-2.0293037796764963,0.8390962203235048,2026-08-24 00:00:00+03:00
2026-08-24 11:00:00+03:00,40.65376139270649,45.91,39.2036,-6.706399999999995,-5.256238607293504,1.450161392706491,2026-08-24 00:00:00+03:00
2026-08-24 12:00:00+03:00,22.354821417513495,29.24,21.2253,-8.014699999999998,-6.885178582486503,1.1295214175134944,2026-08-24 00:00:00+03:00
2026-08-24 13:00:00+03:00,41.04270876803824,35.97,38.3088,2.338799999999999,5.07270876803824,2.7339087680382406,2026-08-24 00:00:00+03:00
2026-08-24 14:00:00+03:00,41.35406160352672,58.48,39.8178,-18.6622,-17.125938396473273,1.5362616035267251,2026-08-24 00:00:00+03:00
2026-08-24 15:00:00+03:00,43.568469806258406,48.66,41.2484,-7.4116,-5.09153019374159,2.3200698062584095,2026-08-24 00:00:00+03:00
2026-08-24 16:00:00+03:00,46.3056738611788,72.52,44.5692,-27.950799999999994,-26.214326138821193,1.7364738611788013,2026-08-24 00:00:00+03:00
2026-08-24 17:00:00+03:00,74.46762204354052,77.21,73.9996,-3.210399999999993,-2.742377956459478,0.4680220435405147,2026-08-24 00:00:00+03:00
2026-08-24 18:00:00+03:00,74.86772878499062,79.17,74.8735,-4.296499999999995,-4.302271215009384,-0.005771215009389152,2026-08-24 00:00:00+03:00
2026-08-24 19:00:00+03:00,82.51977688472702,88.75,83.2926,-5.457400000000007,-6.2302231152729775,-0.7728231152729705,2026-08-24 00:00:00+03:00
2026-08-24 20:00:00+03:00,83.45181800693499,88.75,84.2103,-4.539699999999996,-5.298181993065015,-0.7584819930650184,2026-08-24 00:00:00+03:00
2026-08-24 21:00:00+03:00,84.00562963932539,83.26,84.4322,1.1721999999999895,0.7456296393253865,-0.42657036067460297,2026-08-24 00:00:00+03:00
2026-08-24 22:00:00+03:00,74.78353832620154,66.83,74.9598,8.129800000000003,7.953538326201539,-0.17626167379846436,2026-08-24 00:00:00+03:00
2026-08-24 23:00:00+03:00,72.78523396049287,72.45,72.9435,0.4934999999999974,0.3352339604928716,-0.1582660395071258,2026-08-24 00:00:00+03:00
2026-08-25 00:00:00+03:00,76.85478442499507,77.21,76.8724,-0.3375999999999948,-0.3552155750049195,-0.01761557500492472,2026-08-25 00:00:00+03:00
2026-08-25 01:00:00+03:00,73.39460552837902,68.92,73.6497,4.729699999999994,4.474605528379016,-0.2550944716209784,2026-08-25 00:00:00+03:00
2026-08-25 02:00:00+03:00,65.43901712605104,68.92,65.4516,-3.4684000000000026,-3.4809828739489603,-0.01258287394895774,2026-08-25 00:00:00+03:00
2026-08-25 03:00:00+03:00,67.2242171041881,60.57,67.4352,6.865199999999994,6.654217104188099,-0.21098289581189533,2026-08-25 00:00:00+03:00
2026-08-25 04:00:00+03:00,69.21888858978336,60.57,69.8379,9.267900000000004,8.648888589783361,-0.6190114102166433,2026-08-25 00:00:00+03:00
2026-08-25 05:00:00+03:00,72.29297454661751,66.57,72.0941,5.524100000000004,5.722974546617522,0.19887454661751747,2026-08-25 00:00:00+03:00
2026-08-25 06:00:00+03:00,76.22582516246027,60.67,76.524,15.854,15.555825162460266,-0.29817483753973306,2026-08-25 00:00:00+03:00
2026-08-25 07:00:00+03:00,60.08910684703288,31.33,60.3239,28.993900000000004,28.759106847032882,-0.23479315296712144,2026-08-25 00:00:00+03:00
2026-08-25 08:00:00+03:00,71.51138888434286,60.05,72.1326,12.0826,11.461388884342867,-0.6212111156571325,2026-08-25 00:00:00+03:00
2026-08-25 09:00:00+03:00,58.64095226090341,48.66,58.2788,9.6188,9.980952260903415,0.36215226090341446,2026-08-25 00:00:00+03:00
2026-08-25 10:00:00+03:00,51.14212108320071,45.01,49.2654,4.255400000000002,6.132121083200715,1.8767210832007137,2026-08-25 00:00:00+03:00
2026-08-25 11:00:00+03:00,52.90111226687102,48.45,52.441,3.9909999999999997,4.451112266871014,0.4601122668710147,2026-08-25 00:00:00+03:00
2026-08-25 12:00:00+03:00,41.69541491876364,31.33,40.1539,8.823900000000002,10.36541491876364,1.5415149187636388,2026-08-25 00:00:00+03:00
2026-08-25 13:00:00+03:00,49.112372983311715,61.59,49.1678,-12.422200000000004,-12.477627016688288,-0.055427016688284425,2026-08-25 00:00:00+03:00
2026-08-25 14:00:00+03:00,60.60049457697892,61.59,59.8477,-1.7423000000000002,-0.989505423021086,0.7527945769789142,2026-08-25 00:00:00+03:00
2026-08-25 15:00:00+03:00,60.229277215630646,58.48,59.0775,0.5975000000000037,1.7492772156306486,1.151777215630645,2026-08-25 00:00:00+03:00
2026-08-25 16:00:00+03:00,73.00526214967795,68.45,72.3909,3.940899999999999,4.555262149677944,0.6143621496779446,2026-08-25 00:00:00+03:00
2026-08-25 17:00:00+03:00,81.37077363605142,75.07,81.8842,6.814200000000014,6.3007736360514315,-0.5134263639485823,2026-08-25 00:00:00+03:00
2026-08-25 18:00:00+03:00,81.98622991361022,69.42,82.1811,12.761099999999999,12.566229913610215,-0.1948700863897841,2026-08-25 00:00:00+03:00
2026-08-25 19:00:00+03:00,91.20210253055431,87.37,91.647,4.277000000000001,3.832102530554309,-0.4448974694456922,2026-08-25 00:00:00+03:00
2026-08-25 20:00:00+03:00,91.81285295278974,89.7,92.2907,2.5906999999999982,2.112852952789737,-0.47784704721026117,2026-08-25 00:00:00+03:00
2026-08-25 21:00:00+03:00,87.503153468617,79.93,88.0196,8.08959999999999,7.573153468616994,-0.5164465313829965,2026-08-25 00:00:00+03:00
2026-08-25 22:00:00+03:00,76.1736734603613,72.54,76.1766,3.636599999999987,3.633673460361294,-0.0029265396386932707,2026-08-25 00:00:00+03:00
2026-08-25 23:00:00+03:00,75.99301666499998,71.01,76.023,5.012999999999991,4.98301666499998,-0.02998333500001138,2026-08-25 00:00:00+03:00
2026-08-26 00:00:00+03:00,76.86165296280497,79.18,76.8617,-2.318300000000008,-2.318347037195039,-4.7037195031407464e-05,2026-08-26 00:00:00+03:00
2026-08-26 01:00:00+03:00,71.07816563831831,70.15,71.0782,0.9281999999999897,0.9281656383183048,-3.436168168491349e-05,2026-08-26 00:00:00+03:00
2026-08-26 02:00:00+03:00,67.97994723784363,67.64,67.9799,0.3399000000000001,0.33994723784363146,4.723784363136474e-05,2026-08-26 00:00:00+03:00
2026-08-26 03:00:00+03:00,64.5320371657743,63.0,64.532,1.5319999999999965,1.5320371657742982,3.7165774301683996e-05,2026-08-26 00:00:00+03:00
2026-08-26 04:00:00+03:00,65.11857340824633,64.01,65.1186,1.1085999999999956,1.108573408246329,-2.659175366659383e-05,2026-08-26 00:00:00+03:00
2026-08-26 05:00:00+03:00,69.17587415362729,70.84,69.1759,-1.6641000000000048,-1.6641258463727127,-2.584637270786061e-05,2026-08-26 00:00:00+03:00
2026-08-26 06:00:00+03:00,65.73938659778662,71.73,65.7394,-5.990600000000001,-5.990613402213384,-1.340221338352876e-05,2026-08-26 00:00:00+03:00
2026-08-26 07:00:00+03:00,53.19424513048216,67.72,53.1942,-14.525799999999997,-14.52575486951784,4.5130482156707785e-05,2026-08-26 00:00:00+03:00
2026-08-26 08:00:00+03:00,67.30821373629918,79.18,67.3676,-11.812400000000011,-11.871786263700827,-0.05938626370081579,2026-08-26 00:00:00+03:00
2026-08-26 09:00:00+03:00,59.1713746747063,75.33,59.3226,-16.007399999999997,-16.1586253252937,-0.15122532529370147,2026-08-26 00:00:00+03:00
2026-08-26 10:00:00+03:00,51.42574259982754,70.14,51.166,-18.974000000000004,-18.714257400172464,0.2597425998275398,2026-08-26 00:00:00+03:00
2026-08-26 11:00:00+03:00,51.08098733392331,72.22,50.7915,-21.4285,-21.139012666076688,0.2894873339233115,2026-08-26 00:00:00+03:00
2026-08-26 12:00:00+03:00,39.53603048032045,56.26,39.7837,-16.476299999999995,-16.72396951967955,-0.24766951967955464,2026-08-26 00:00:00+03:00
2026-08-26 13:00:00+03:00,58.86783492792389,74.97,59.0115,-15.9585,-16.10216507207611,-0.1436650720761108,2026-08-26 00:00:00+03:00
2026-08-26 14:00:00+03:00,64.12446018454985,72.22,64.0708,-8.149199999999993,-8.095539815450152,0.053660184549841006,2026-08-26 00:00:00+03:00
2026-08-26 15:00:00+03:00,61.544880169453634,60.41,61.5449,1.1349000000000018,1.1348801694536377,-1.9830546364119073e-05,2026-08-26 00:00:00+03:00
2026-08-26 16:00:00+03:00,71.13794041059994,79.18,69.4762,-9.703800000000001,-8.042059589400068,1.6617404105999327,2026-08-26 00:00:00+03:00
2026-08-26 17:00:00+03:00,78.2712143816817,93.56,78.1229,-15.437100000000001,-15.2887856183183,0.14831438168170052,2026-08-26 00:00:00+03:00
2026-08-26 18:00:00+03:00,76.01929923164317,93.76,76.0193,-17.740700000000004,-17.74070076835683,-7.683568270522301e-07,2026-08-26 00:00:00+03:00
2026-08-26 19:00:00+03:00,87.60784425998118,93.76,87.6673,-6.092700000000008,-6.152155740018827,-0.05945574001881937,2026-08-26 00:00:00+03:00
2026-08-26 20:00:00+03:00,89.56674929857296,93.76,89.5667,-4.193300000000008,-4.193250701427047,4.929857296076534e-05,2026-08-26 00:00:00+03:00
2026-08-26 21:00:00+03:00,81.05662463382714,93.76,81.0012,-12.758800000000008,-12.703375366172864,0.05542463382714402,2026-08-26 00:00:00+03:00
2026-08-26 22:00:00+03:00,73.64866683103494,78.13,73.6934,-4.4365999999999985,-4.481333168965051,-0.04473316896505253,2026-08-26 00:00:00+03:00
2026-08-26 23:00:00+03:00,73.53550033439073,76.87,73.4507,-3.419300000000007,-3.334499665609272,0.08480033439073509,2026-08-26 00:00:00+03:00
2026-08-27 00:00:00+03:00,80.72666998893081,72.42,80.4669,8.046899999999994,8.306669988930807,0.25976998893081316,2026-08-27 00:00:00+03:00
2026-08-27 01:00:00+03:00,75.06795870642293,73.0,74.3327,1.3327000000000027,2.067958706422928,0.7352587064229255,2026-08-27 00:00:00+03:00
2026-08-27 02:00:00+03:00,71.36066453579932,71.24,70.7805,-0.45949999999999136,0.12066453579932102,0.5801645357993124,2026-08-27 00:00:00+03:00
2026-08-27 03:00:00+03:00,66.2414909558031,70.82,65.4877,-5.332299999999989,-4.578509044196892,0.7537909558030975,2026-08-27 00:00:00+03:00
2026-08-27 04:00:00+03:00,65.55655257081688,62.48,65.1578,2.6777999999999977,3.0765525708168795,0.39875257081688176,2026-08-27 00:00:00+03:00
2026-08-27 05:00:00+03:00,70.77066514762622,71.47,70.3846,-1.0853999999999928,-0.6993348523737808,0.386065147626212,2026-08-27 00:00:00+03:00
2026-08-27 06:00:00+03:00,70.69175961053631,72.42,70.052,-2.367999999999995,-1.7282403894636928,0.6397596105363021,2026-08-27 00:00:00+03:00
2026-08-27 07:00:00+03:00,63.91819749621922,47.04,63.5385,16.4985,16.878197496219222,0.37969749621922233,2026-08-27 00:00:00+03:00
2026-08-27 08:00:00+03:00,74.59571330515872,74.87,75.0103,0.14029999999999632,-0.27428669484127965,-0.41458669484127597,2026-08-27 00:00:00+03:00
2026-08-27 09:00:00+03:00,68.3764385970864,74.87,69.1898,-5.680199999999999,-6.493561402913599,-0.8133614029135998,2026-08-27 00:00:00+03:00
2026-08-27 10:00:00+03:00,66.49632004755345,68.0,67.4673,-0.5327000000000055,-1.5036799524465465,-0.970979952446541,2026-08-27 00:00:00+03:00
2026-08-27 11:00:00+03:00,66.05448416658271,72.9,66.8318,-6.0682000000000045,-6.845515833417295,-0.7773158334172905,2026-08-27 00:00:00+03:00
2026-08-27 12:00:00+03:00,47.36531663011659,44.28,49.0301,4.750099999999996,3.085316630116587,-1.6647833698834091,2026-08-27 00:00:00+03:00
2026-08-27 13:00:00+03:00,67.11096429610514,74.87,68.322,-6.548000000000002,-7.759035703894867,-1.211035703894865,2026-08-27 00:00:00+03:00
2026-08-27 14:00:00+03:00,69.8004300763332,72.55,69.6934,-2.8566000000000003,-2.7495699236667974,0.10703007633320283,2026-08-27 00:00:00+03:00
2026-08-27 15:00:00+03:00,63.976749709307676,68.0,63.7463,-4.253700000000002,-4.023250290692324,0.2304497093076776,2026-08-27 00:00:00+03:00
2026-08-27 16:00:00+03:00,80.35654914772634,74.77,79.7024,4.932400000000001,5.586549147726345,0.6541491477263435,2026-08-27 00:00:00+03:00
2026-08-27 17:00:00+03:00,87.47365964002663,77.06,88.7503,11.690299999999993,10.413659640026623,-1.2766403599733707,2026-08-27 00:00:00+03:00
2026-08-27 18:00:00+03:00,88.74416324110119,80.1,90.2716,10.171600000000012,8.644163241101197,-1.5274367588988156,2026-08-27 00:00:00+03:00
2026-08-27 19:00:00+03:00,93.85560588926313,89.56,94.6427,5.082700000000003,4.295605889263129,-0.7870941107368736,2026-08-27 00:00:00+03:00
2026-08-27 20:00:00+03:00,94.09369212323837,88.52,94.8144,6.29440000000001,5.573692123238374,-0.7207078767616366,2026-08-27 00:00:00+03:00
2026-08-27 21:00:00+03:00,92.62949578918494,84.92,93.4198,8.499799999999993,7.709495789184942,-0.7903042108150515,2026-08-27 00:00:00+03:00
2026-08-27 22:00:00+03:00,80.83380931226101,73.82,80.6044,6.784400000000005,7.013809312261017,0.22940931226101213,2026-08-27 00:00:00+03:00
2026-08-27 23:00:00+03:00,79.45931168794526,72.8,78.81,6.010000000000005,6.659311687945262,0.6493116879452572,2026-08-27 00:00:00+03:00
2026-08-28 00:00:00+03:00,78.34547959141369,72.65,78.3455,5.695499999999996,5.695479591413687,-2.040858630891762e-05,2026-08-28 00:00:00+03:00
2026-08-28 01:00:00+03:00,75.88464396093578,70.79,75.9311,5.1410999999999945,5.09464396093577,-0.0464560390642248,2026-08-28 00:00:00+03:00
2026-08-28 02:00:00+03:00,72.88892316047743,69.26,72.6528,3.392799999999994,3.6289231604774272,0.2361231604774332,2026-08-28 00:00:00+03:00
2026-08-28 03:00:00+03:00,71.0167123234661,69.2,70.8792,1.6791999999999945,1.816712323466092,0.13751232346609754,2026-08-28 00:00:00+03:00
2026-08-28 04:00:00+03:00,68.91217242355816,70.79,68.7118,-2.0782000000000096,-1.8778275764418453,0.20037242355816431,2026-08-28 00:00:00+03:00
2026-08-28 05:00:00+03:00,73.75094515681619,76.0,73.7379,-2.2621000000000038,-2.2490548431838135,0.013045156816190229,2026-08-28 00:00:00+03:00
2026-08-28 06:00:00+03:00,75.52511505208176,66.6,75.2187,8.618700000000004,8.925115052081765,0.30641505208176056,2026-08-28 00:00:00+03:00
2026-08-28 07:00:00+03:00,61.90239123208094,43.72,61.6606,17.940600000000003,18.18239123208094,0.241791232080935,2026-08-28 00:00:00+03:00
2026-08-28 08:00:00+03:00,75.66176895178049,66.6,75.19,8.590000000000003,9.061768951780493,0.47176895178048994,2026-08-28 00:00:00+03:00
2026-08-28 09:00:00+03:00,75.16465835639323,48.51,75.3236,26.8136,26.654658356393234,-0.15894164360676655,2026-08-28 00:00:00+03:00
2026-08-28 10:00:00+03:00,66.94233075660601,37.48,66.9423,29.462300000000006,29.462330756606015,3.075660600870833e-05,2026-08-28 00:00:00+03:00
2026-08-28 11:00:00+03:00,72.03922986655294,47.85,71.882,24.032000000000004,24.189229866552942,0.1572298665529388,2026-08-28 00:00:00+03:00
2026-08-28 12:00:00+03:00,49.480256090623094,31.23,49.4803,18.2503,18.250256090623093,-4.390937690601504e-05,2026-08-28 00:00:00+03:00
2026-08-28 13:00:00+03:00,70.26703520907772,36.44,69.9556,33.515600000000006,33.82703520907772,0.3114352090777146,2026-08-28 00:00:00+03:00
2026-08-28 14:00:00+03:00,76.98062670620365,47.02,77.5973,30.5773,29.960626706203648,-0.616673293796353,2026-08-28 00:00:00+03:00
2026-08-28 15:00:00+03:00,70.599097334029,31.23,70.298,39.068,39.36909733402899,0.3010973340289951,2026-08-28 00:00:00+03:00
2026-08-28 16:00:00+03:00,78.33680160654829,64.54,78.2697,13.729699999999994,13.796801606548286,0.06710160654829167,2026-08-28 00:00:00+03:00
2026-08-28 17:00:00+03:00,81.33936542599866,75.66,81.3394,5.679400000000001,5.679365425998668,-3.4574001332998705e-05,2026-08-28 00:00:00+03:00
2026-08-28 18:00:00+03:00,82.4072702001318,74.95,82.4073,7.457300000000004,7.457270200131802,-2.9799868201507707e-05,2026-08-28 00:00:00+03:00
2026-08-28 19:00:00+03:00,91.22462716332265,83.18,91.2246,8.044599999999988,8.044627163322644,2.7163322656065247e-05,2026-08-28 00:00:00+03:00
2026-08-28 20:00:00+03:00,91.71619079878384,82.99,91.7162,8.726200000000006,8.726190798783847,-9.201216158771786e-06,2026-08-28 00:00:00+03:00
2026-08-28 21:00:00+03:00,85.93797270120588,74.84,85.938,11.097999999999999,11.097972701205876,-2.7298794122998515e-05,2026-08-28 00:00:00+03:00
2026-08-28 22:00:00+03:00,77.87834536060244,66.6,77.8257,11.225700000000003,11.278345360602444,0.052645360602440405,2026-08-28 00:00:00+03:00
2026-08-28 23:00:00+03:00,77.6234905696842,54.13,77.615,23.484999999999992,23.49349056968419,0.00849056968419859,2026-08-28 00:00:00+03:00
2026-08-29 00:00:00+03:00,71.13144631022686,68.0,71.1314,3.1313999999999993,3.1314463102268633,4.631022686396591e-05,2026-08-29 00:00:00+03:00
2026-08-29 01:00:00+03:00,71.77232427315046,62.44,71.7723,9.332300000000004,9.332324273150462,2.4273150458498094e-05,2026-08-29 00:00:00+03:00
2026-08-29 02:00:00+03:00,70.96854976179513,36.42,70.9685,34.548500000000004,34.54854976179513,4.976179512539147e-05,2026-08-29 00:00:00+03:00
2026-08-29 03:00:00+03:00,71.34034790193313,36.42,71.3403,34.9203,34.92034790193313,4.7901933129423924e-05,2026-08-29 00:00:00+03:00
2026-08-29 04:00:00+03:00,70.32891346554568,31.22,70.3289,39.108900000000006,39.10891346554568,1.3465545677604496e-05,2026-08-29 00:00:00+03:00
2026-08-29 05:00:00+03:00,73.29250065353403,62.23,73.2925,11.062500000000007,11.062500653534038,6.535340304480997e-07,2026-08-29 00:00:00+03:00
2026-08-29 06:00:00+03:00,72.58529528844392,62.23,72.5853,10.355300000000007,10.35529528844392,-4.711556087499957e-06,2026-08-29 00:00:00+03:00
2026-08-29 07:00:00+03:00,59.48217663560337,39.13,59.4822,20.352199999999996,20.35217663560337,-2.3364396625424888e-05,2026-08-29 00:00:00+03:00
2026-08-29 08:00:00+03:00,65.89219572480748,47.87,65.8977,18.027700000000003,18.02219572480748,-0.005504275192521391,2026-08-29 00:00:00+03:00
2026-08-29 09:00:00+03:00,52.56738276402474,47.0,52.6671,5.667099999999998,5.567382764024742,-0.09971723597525539,2026-08-29 00:00:00+03:00
2026-08-29 10:00:00+03:00,40.62482401208483,48.91,41.1148,-7.795199999999994,-8.285175987915167,-0.48997598791517305,2026-08-29 00:00:00+03:00
2026-08-29 11:00:00+03:00,42.71173980569229,43.71,42.23,-1.480000000000004,-0.9982601943077114,0.4817398056922926,2026-08-29 00:00:00+03:00
2026-08-29 12:00:00+03:00,30.219224852700354,31.22,30.2192,-1.0007999999999981,-1.0007751472996453,2.485270035279541e-05,2026-08-29 00:00:00+03:00
2026-08-29 13:00:00+03:00,39.24570269423785,41.63,38.4273,-3.2027,-2.3842973057621535,0.8184026942378466,2026-08-29 00:00:00+03:00
2026-08-29 14:00:00+03:00,52.57425895350231,62.44,52.5743,-9.865699999999997,-9.86574104649769,-4.104649769232083e-05,2026-08-29 00:00:00+03:00
2026-08-29 15:00:00+03:00,44.18128064981296,31.53,44.1813,12.651299999999999,12.65128064981296,-1.9350187038469358e-05,2026-08-29 00:00:00+03:00
2026-08-29 16:00:00+03:00,65.69313771210011,44.25,64.4345,20.1845,21.44313771210011,1.2586377121001107,2026-08-29 00:00:00+03:00
2026-08-29 17:00:00+03:00,75.60257584264254,68.0,73.9656,5.965599999999995,7.602575842642537,1.636975842642542,2026-08-29 00:00:00+03:00
2026-08-29 18:00:00+03:00,75.2688914573064,62.44,75.2689,12.828900000000004,12.828891457306398,-8.54269360672788e-06,2026-08-29 00:00:00+03:00
2026-08-29 19:00:00+03:00,82.9451912055598,79.51,82.9158,3.4057999999999993,3.4351912055597893,0.029391205559790023,2026-08-29 00:00:00+03:00
2026-08-29 20:00:00+03:00,82.2677236596386,87.27,82.2594,-5.010599999999997,-5.002276340361391,0.008323659638605818,2026-08-29 00:00:00+03:00
2026-08-29 21:00:00+03:00,79.99027997167447,80.28,79.9903,-0.2896999999999963,-0.289720028325533,-2.0028325536713965e-05,2026-08-29 00:00:00+03:00
2026-08-29 22:00:00+03:00,72.66524289104701,66.75,73.1519,6.401899999999998,5.915242891047015,-0.48665710895298275,2026-08-29 00:00:00+03:00
2026-08-29 23:00:00+03:00,67.90792611349654,50.24,67.8685,17.628499999999995,17.66792611349654,0.03942611349654612,2026-08-29 00:00:00+03:00
2026-08-30 00:00:00+03:00,66.40177467098293,65.69,66.4018,0.7117999999999967,0.7117746709829333,-2.5329017063313586e-05,2026-08-30 00:00:00+03:00
2026-08-30 01:00:00+03:00,63.934997074859936,52.0,63.935,11.935000000000002,11.934997074859936,-2.9251400661678417e-06,2026-08-30 00:00:00+03:00
2026-08-30 02:00:00+03:00,55.212190461815425,31.2,55.2122,24.012200000000004,24.012190461815425,-9.53818457816169e-06,2026-08-30 00:00:00+03:00
2026-08-30 03:00:00+03:00,57.82371945701449,31.2,57.8237,26.623700000000003,26.62371945701449,1.9457014488466484e-05,2026-08-30 00:00:00+03:00
2026-08-30 04:00:00+03:00,59.611541780649574,26.0,59.6115,33.6115,33.611541780649574,4.178064957471861e-05,2026-08-30 00:00:00+03:00
2026-08-30 05:00:00+03:00,64.12013187243838,46.56,64.1201,17.56009999999999,17.560131872438376,3.187243838453924e-05,2026-08-30 00:00:00+03:00
2026-08-30 06:00:00+03:00,64.92470810602394,52.0,64.9247,12.924700000000001,12.924708106023942,8.106023940968043e-06,2026-08-30 00:00:00+03:00
2026-08-30 07:00:00+03:00,45.217136529309094,72.29,45.2171,-27.072900000000004,-27.072863470690912,3.6529309092259155e-05,2026-08-30 00:00:00+03:00
2026-08-30 08:00:00+03:00,38.6950879988068,31.2,38.6951,7.495099999999997,7.495087998806799,-1.2001193198329929e-05,2026-08-30 00:00:00+03:00
2026-08-30 09:00:00+03:00,33.738841062155714,16.64,34.1044,17.464399999999998,17.098841062155714,-0.36555893784428406,2026-08-30 00:00:00+03:00
2026-08-30 10:00:00+03:00,28.318933580552336,5.41,28.0658,22.6558,22.908933580552336,0.2531335805523369,2026-08-30 00:00:00+03:00
2026-08-30 11:00:00+03:00,22.90293861123942,5.2,22.9029,17.7029,17.70293861123942,3.8611239421726395e-05,2026-08-30 00:00:00+03:00
2026-08-30 12:00:00+03:00,15.020899163406574,4.16,15.0604,10.9004,10.860899163406573,-0.03950083659342596,2026-08-30 00:00:00+03:00
2026-08-30 13:00:00+03:00,22.986221325363502,6.3,23.072,16.772,16.6862213253635,-0.08577867463649724,2026-08-30 00:00:00+03:00
2026-08-30 14:00:00+03:00,38.083437555782695,20.8,38.1298,17.329800000000002,17.283437555782694,-0.04636244421730851,2026-08-30 00:00:00+03:00
2026-08-30 15:00:00+03:00,27.341440879374037,31.2,27.2368,-3.9632000000000005,-3.858559120625962,0.10464087937403832,2026-08-30 00:00:00+03:00
2026-08-30 16:00:00+03:00,36.44954568445149,41.6,36.2985,-5.301500000000004,-5.150454315548508,0.15104568445149624,2026-08-30 00:00:00+03:00
2026-08-30 17:00:00+03:00,64.55129256369995,62.4,64.4003,2.000300000000003,2.151292563699947,0.15099256369994407,2026-08-30 00:00:00+03:00
2026-08-30 18:00:00+03:00,65.5409332244024,48.47,65.3899,16.9199,17.070933224402395,0.15103322440239708,2026-08-30 00:00:00+03:00
2026-08-30 19:00:00+03:00,76.9253113536812,73.01,76.7743,3.7642999999999915,3.91531135368119,0.15101135368119856,2026-08-30 00:00:00+03:00
2026-08-30 20:00:00+03:00,82.31436262080085,73.01,82.3126,9.302599999999998,9.304362620800845,0.0017626208008465483,2026-08-30 00:00:00+03:00
2026-08-30 21:00:00+03:00,77.10598620034625,65.69,77.1009,11.410899999999998,11.415986200346254,0.005086200346255509,2026-08-30 00:00:00+03:00
2026-08-30 22:00:00+03:00,67.87163806736409,47.84,67.5466,19.706599999999995,20.031638067364085,0.32503806736409047,2026-08-30 00:00:00+03:00
